day,vegetation,quartier,surface_m2,ta_14h_c,utci_14h_c,tmrt_14h_c,uhi_14h_k,ta_max_c,utci_max_c,uhi_max_k
chaud_saison_seche,arbres,Quartier 1,95934.0,40.77,43.16,57.22,2.18,40.9,43.26,2.21
chaud_saison_seche,arbres,Quartier 2,98778.0,41.22,43.69,57.46,2.64,41.31,43.74,2.68
chaud_saison_seche,arbres,Quartier 3,190618.0,39.08,42.3,60.88,0.5,39.52,42.44,0.71
chaud_saison_seche,arbres,Quartier 4,77885.0,40.67,43.32,57.85,2.08,40.8,43.43,2.14
chaud_saison_seche,arbres,Quartier 5,67631.0,40.31,43.07,58.08,1.72,40.48,43.19,1.76
chaud_saison_seche,arbres,Quartier 6,57149.0,41.23,43.68,57.41,2.65,41.32,43.71,2.77
chaud_saison_seche,arbres,Quartier A,200321.0,41.01,43.3,56.5,2.43,41.11,43.33,2.51
chaud_saison_seche,arbres,Quartier SC2,71511.0,40.91,43.28,57.17,2.33,41.04,43.37,2.48
chaud_saison_seche,arbres,Servitude climatique 1,209264.0,41.29,44.17,59.05,2.71,41.41,44.2,2.97
chaud_saison_seche,sans_arbres,Quartier 1,95934.0,41.56,43.99,57.33,2.97,41.57,43.99,2.98
chaud_saison_seche,sans_arbres,Quartier 2,98778.0,41.7,44.17,57.45,3.11,41.71,44.17,3.14
chaud_saison_seche,sans_arbres,Quartier 3,190618.0,41.12,43.4,56.32,2.54,41.17,43.4,2.55
chaud_saison_seche,sans_arbres,Quartier 4,77885.0,41.63,44.14,57.61,3.04,41.63,44.14,3.05
chaud_saison_seche,sans_arbres,Quartier 5,67631.0,41.6,44.08,57.5,3.01,41.6,44.08,3.03
chaud_saison_seche,sans_arbres,Quartier 6,57149.0,41.79,44.25,57.22,3.21,41.81,44.25,3.21
chaud_saison_seche,sans_arbres,Quartier A,200321.0,41.32,43.7,56.59,2.74,41.38,43.71,2.76
chaud_saison_seche,sans_arbres,Quartier SC2,71511.0,41.69,44.14,57.13,3.11,41.71,44.14,3.11
chaud_saison_seche,sans_arbres,Servitude climatique 1,209264.0,42.13,44.68,57.6,3.55,42.13,44.68,3.55
frais_saison_seche,arbres,Quartier 1,95934.0,26.41,23.82,40.12,3.21,26.41,23.82,3.5
frais_saison_seche,arbres,Quartier 2,98778.0,26.78,24.21,40.34,3.59,26.78,24.21,3.83
frais_saison_seche,arbres,Quartier 3,190618.0,25.31,23.13,39.65,2.12,25.31,23.13,2.3
frais_saison_seche,arbres,Quartier 4,77885.0,26.23,24.58,40.6,3.03,26.23,24.58,3.38
frais_saison_seche,arbres,Quartier 5,67631.0,25.86,24.7,40.72,2.67,25.87,24.7,2.91
frais_saison_seche,arbres,Quartier 6,57149.0,26.95,24.09,40.23,3.76,26.95,24.09,3.81
frais_saison_seche,arbres,Quartier A,200321.0,26.65,23.28,39.67,3.46,26.65,23.28,3.75
frais_saison_seche,arbres,Quartier SC2,71511.0,26.2,24.07,40.27,3.0,26.23,24.07,3.18
frais_saison_seche,arbres,Servitude climatique 1,209264.0,27.41,25.32,41.04,4.21,27.41,25.32,4.57
frais_saison_seche,sans_arbres,Quartier 1,95934.0,27.17,24.33,40.37,3.98,27.17,24.33,4.87
frais_saison_seche,sans_arbres,Quartier 2,98778.0,27.31,24.53,40.49,4.11,27.31,24.53,4.97
frais_saison_seche,sans_arbres,Quartier 3,190618.0,26.77,23.18,39.56,3.57,26.77,23.18,4.55
frais_saison_seche,sans_arbres,Quartier 4,77885.0,27.26,24.68,40.62,4.06,27.26,24.68,5.44
frais_saison_seche,sans_arbres,Quartier 5,67631.0,27.22,24.54,40.52,4.02,27.22,24.54,4.63
frais_saison_seche,sans_arbres,Quartier 6,57149.0,27.57,24.57,40.45,4.37,27.57,24.57,6.56
frais_saison_seche,sans_arbres,Quartier A,200321.0,27.04,23.61,39.82,3.84,27.04,23.61,4.69
frais_saison_seche,sans_arbres,Quartier SC2,71511.0,27.43,24.31,40.26,4.23,27.43,24.31,6.26
frais_saison_seche,sans_arbres,Servitude climatique 1,209264.0,27.97,25.23,40.86,4.77,27.97,25.23,7.51
saison_pluies,arbres,Quartier 1,95934.0,33.11,41.86,62.88,3.05,33.45,41.86,3.16
saison_pluies,arbres,Quartier 2,98778.0,33.52,42.3,63.05,3.46,33.79,42.3,3.56
saison_pluies,arbres,Quartier 3,190618.0,31.76,40.26,61.51,1.7,32.23,40.27,1.73
saison_pluies,arbres,Quartier 4,77885.0,33.21,41.95,62.83,3.15,33.5,41.95,3.19
saison_pluies,arbres,Quartier 5,67631.0,32.85,41.54,62.58,2.79,33.2,41.54,2.85
saison_pluies,arbres,Quartier 6,57149.0,33.78,42.5,62.88,3.72,34.01,42.51,3.89
saison_pluies,arbres,Quartier A,200321.0,33.24,41.74,62.0,3.18,33.58,41.82,3.4
saison_pluies,arbres,Quartier SC2,71511.0,33.13,41.83,62.68,3.07,33.35,41.83,3.2
saison_pluies,arbres,Servitude climatique 1,209264.0,33.38,42.1,62.81,3.32,33.67,42.1,3.6
saison_pluies,sans_arbres,Quartier 1,95934.0,33.62,42.34,62.86,3.56,34.09,42.34,3.99
saison_pluies,sans_arbres,Quartier 2,98778.0,33.74,42.49,63.02,3.68,34.52,42.61,4.49
saison_pluies,sans_arbres,Quartier 3,190618.0,33.31,41.71,61.63,3.25,33.87,41.78,3.87
saison_pluies,sans_arbres,Quartier 4,77885.0,33.7,42.51,63.21,3.64,34.01,42.52,3.88
saison_pluies,sans_arbres,Quartier 5,67631.0,33.58,42.37,63.12,3.52,33.84,42.37,3.69
saison_pluies,sans_arbres,Quartier 6,57149.0,34.09,42.76,62.73,4.03,34.41,42.78,4.49
saison_pluies,sans_arbres,Quartier A,200321.0,33.41,41.87,61.87,3.35,34.14,42.02,4.09
saison_pluies,sans_arbres,Quartier SC2,71511.0,33.83,42.42,62.42,3.77,35.21,42.71,5.4
saison_pluies,sans_arbres,Servitude climatique 1,209264.0,33.74,42.43,62.76,3.68,34.27,42.54,4.44
