grid_id,day,delta_ta_14h_c,delta_utci_14h_c,delta_tmrt_14h_c,delta_uhi_14h_k,delta_ta_max_c,delta_utci_max_c,delta_uhi_max_k,cell_id,quartier_majoritaire,fraction_arbres,fraction_bati
1,chaud_saison_seche,0.0,0.0,0.0,0.0,0.0,0.0,0.0,c_01_00,Quartier 4,0.0,0.011
1,frais_saison_seche,0.0,0.0,0.0,0.0,0.0,0.0,0.0,c_01_00,Quartier 4,0.0,0.011
1,saison_pluies,0.0,0.0,0.0,0.0,0.0,0.0,0.0,c_01_00,Quartier 4,0.0,0.011
2,chaud_saison_seche,0.0,0.0,0.0,0.0,0.0,0.0,0.0,c_02_00,Quartier 4,0.0,0.021
2,frais_saison_seche,0.0,0.0,0.0,0.0,0.0,0.0,0.0,c_02_00,Quartier 4,0.0,0.021
2,saison_pluies,0.0,0.0,0.0,0.0,0.0,0.0,0.0,c_02_00,Quartier 4,0.0,0.021
3,chaud_saison_seche,0.0,0.0,0.0,0.0,0.0,0.0,0.0,c_03_00,Quartier 4,0.0,0.022
3,frais_saison_seche,0.0,0.0,0.0,0.0,0.0,0.0,0.0,c_03_00,Quartier 4,0.0,0.022
3,saison_pluies,0.0,0.0,0.0,0.0,0.0,0.0,0.0,c_03_00,Quartier 4,0.0,0.022
4,chaud_saison_seche,0.0,-0.01,0.0,0.0,0.0,-0.01,0.0,c_04_00,Quartier 4,0.002,0.028
4,frais_saison_seche,0.0,0.0,0.0,0.0,0.0,0.0,-0.02,c_04_00,Quartier 4,0.002,0.028
4,saison_pluies,0.0,0.0,0.0,0.0,0.0,0.0,0.0,c_04_00,Quartier 4,0.002,0.028
5,chaud_saison_seche,0.0,0.0,0.0,0.0,0.0,0.0,0.0,c_05_00,Quartier 4,0.001,0.031
5,frais_saison_seche,0.0,0.0,0.0,0.0,0.0,0.0,-0.01,c_05_00,Quartier 4,0.001,0.031
5,saison_pluies,0.0,0.0,0.0,0.0,0.0,0.0,0.0,c_05_00,Quartier 4,0.001,0.031
6,chaud_saison_seche,0.0,0.0,0.0,0.0,0.0,0.0,0.0,c_06_00,Quartier 4,0.001,0.03
6,frais_saison_seche,0.0,0.0,0.0,0.0,0.0,0.0,-0.01,c_06_00,Quartier 4,0.001,0.03
6,saison_pluies,0.0,0.0,0.0,0.0,0.0,0.0,0.0,c_06_00,Quartier 4,0.001,0.03
7,chaud_saison_seche,0.0,0.0,0.0,0.0,0.0,0.0,0.0,c_07_00,Quartier 4,0.0,0.028
7,frais_saison_seche,0.0,0.0,0.0,0.0,0.0,0.0,0.0,c_07_00,Quartier 4,0.0,0.028
7,saison_pluies,0.0,0.0,0.0,0.0,0.0,0.0,0.0,c_07_00,Quartier 4,0.0,0.028
8,chaud_saison_seche,0.0,0.0,0.0,0.0,0.0,0.0,0.0,c_08_00,Quartier 4,0.0,0.0
8,frais_saison_seche,0.0,0.0,0.0,0.0,0.0,0.0,0.0,c_08_00,Quartier 4,0.0,0.0
8,saison_pluies,0.0,0.0,0.0,0.0,0.0,0.0,0.0,c_08_00,Quartier 4,0.0,0.0
9,chaud_saison_seche,-0.06,-0.07,-0.01,-0.06,-0.06,-0.07,0.02,c_09_00,Quartier SC2,0.154,0.0
9,frais_saison_seche,-0.13,-0.15,-0.08,-0.14,-0.13,-0.15,-1.35,c_09_00,Quartier SC2,0.154,0.0
9,saison_pluies,-0.04,-0.03,0.03,-0.04,-0.04,-0.03,-0.08,c_09_00,Quartier SC2,0.149,0.0
10,chaud_saison_seche,-0.06,-0.06,0.0,-0.05,-0.06,-0.06,-0.05,c_10_00,Quartier 5,0.169,0.012
10,frais_saison_seche,-0.11,-0.12,-0.07,-0.12,-0.11,-0.12,-1.31,c_10_00,Quartier 5,0.169,0.012
10,saison_pluies,-0.02,-0.01,0.04,-0.02,-0.02,-0.01,0.2,c_10_00,Quartier 5,0.162,0.012
11,chaud_saison_seche,0.0,-0.01,0.0,-0.01,0.0,-0.01,-0.01,c_11_00,Quartier 5,0.031,0.036
11,frais_saison_seche,-0.01,-0.02,-0.01,-0.02,-0.01,-0.02,-0.25,c_11_00,Quartier 5,0.031,0.036
11,saison_pluies,0.0,0.01,0.01,0.0,0.0,0.01,0.0,c_11_00,Quartier 5,0.028,0.036
12,chaud_saison_seche,-0.65,-0.62,0.1,-0.65,-0.55,-0.55,-0.65,c_01_01,Quartier 4,0.488,0.121
12,frais_saison_seche,-0.72,-0.25,-0.1,-0.72,-0.72,-0.25,-2.44,c_01_01,Quartier 4,0.488,0.121
12,saison_pluies,-0.27,-0.27,-0.08,-0.27,-0.19,-0.27,-0.27,c_01_01,Quartier 4,0.487,0.121
13,chaud_saison_seche,-1.17,-0.88,0.57,-1.18,-1.0,-0.74,-1.16,c_02_01,Quartier 4,0.552,0.172
13,frais_saison_seche,-1.27,0.18,0.15,-1.27,-1.27,0.18,-2.18,c_02_01,Quartier 4,0.552,0.172
13,saison_pluies,-0.57,-0.69,-0.58,-0.57,-0.48,-0.69,-0.66,c_02_01,Quartier 4,0.505,0.172
14,chaud_saison_seche,-1.59,-1.2,0.67,-1.59,-1.39,-1.05,-1.58,c_03_01,Quartier 4,0.545,0.204
14,frais_saison_seche,-1.64,0.25,0.18,-1.64,-1.64,0.25,-1.75,c_03_01,Quartier 4,0.545,0.204
14,saison_pluies,-0.89,-1.06,-0.85,-0.89,-0.77,-1.06,-1.01,c_03_01,Quartier 4,0.518,0.204
15,chaud_saison_seche,-1.13,-0.91,0.37,-1.14,-0.98,-0.8,-1.15,c_04_01,Quartier 4,0.486,0.168
15,frais_saison_seche,-1.17,0.01,0.02,-1.17,-1.17,0.01,-2.22,c_04_01,Quartier 4,0.486,0.168
15,saison_pluies,-0.59,-0.72,-0.6,-0.59,-0.47,-0.72,-0.7,c_04_01,Quartier 4,0.482,0.168
16,chaud_saison_seche,-1.12,-0.85,0.5,-1.12,-0.95,-0.71,-1.11,c_05_01,Quartier 4,0.501,0.17
16,frais_saison_seche,-1.2,0.16,0.12,-1.2,-1.2,0.16,-2.18,c_05_01,Quartier 4,0.501,0.17
16,saison_pluies,-0.58,-0.7,-0.62,-0.58,-0.47,-0.7,-0.68,c_05_01,Quartier 4,0.498,0.17
17,chaud_saison_seche,-1.06,-1.02,-0.02,-1.06,-0.9,-0.87,-1.05,c_06_01,Quartier 4,0.46,0.153
17,frais_saison_seche,-1.05,-0.41,-0.21,-1.05,-1.05,-0.41,-2.14,c_06_01,Quartier 4,0.46,0.153
17,saison_pluies,-0.57,-0.66,-0.5,-0.57,-0.47,-0.66,-0.65,c_06_01,Quartier 4,0.455,0.153
18,chaud_saison_seche,-0.95,-1.04,-0.36,-0.94,-0.81,-0.9,-0.94,c_07_01,Quartier 4,0.35,0.144
18,frais_saison_seche,-0.87,-0.69,-0.38,-0.87,-0.87,-0.69,-1.73,c_07_01,Quartier 4,0.35,0.144
18,saison_pluies,-0.26,-0.28,-0.12,-0.26,-0.21,-0.28,-0.29,c_07_01,Quartier 4,0.34,0.144
19,chaud_saison_seche,-0.14,-0.15,0.04,-0.14,-0.14,-0.15,0.64,c_08_01,Quartier SC2,0.468,0.0
19,frais_saison_seche,-0.39,-0.39,-0.19,-0.38,-0.39,-0.39,-3.29,c_08_01,Quartier SC2,0.468,0.0
19,saison_pluies,-0.09,-0.05,0.16,-0.09,-0.09,-0.05,-0.26,c_08_01,Quartier SC2,0.455,0.0
20,chaud_saison_seche,-10.49,-9.1,-1.77,-10.5,-10.5,-9.1,-4.09,c_09_01,Quartier SC2,0.95,0.0
20,frais_saison_seche,-4.29,1.22,1.19,-4.28,-4.05,1.22,-4.45,c_09_01,Quartier SC2,0.95,0.0
20,saison_pluies,-1.82,-1.55,0.52,-1.82,-2.23,-1.55,-2.58,c_09_01,Quartier SC2,0.924,0.0
21,chaud_saison_seche,-1.71,-1.16,1.11,-1.7,-1.47,-0.98,-1.69,c_10_01,Quartier 5,0.631,0.207
21,frais_saison_seche,-1.82,0.68,0.51,-1.82,-1.82,0.68,-1.79,c_10_01,Quartier 5,0.631,0.207
21,saison_pluies,-0.92,-1.13,-1.0,-0.93,-0.77,-1.13,-1.08,c_10_01,Quartier 5,0.63,0.207
22,chaud_saison_seche,-0.6,-0.55,0.1,-0.59,-0.52,-0.51,-0.57,c_11_01,Quartier 5,0.358,0.214
22,frais_saison_seche,-0.69,-0.27,-0.13,-0.69,-0.69,-0.27,-0.58,c_11_01,Quartier 5,0.358,0.214
22,saison_pluies,-0.27,-0.33,-0.29,-0.27,-0.23,-0.33,-0.32,c_11_01,Quartier 5,0.358,0.214
23,chaud_saison_seche,-0.6,-0.68,-0.13,-0.6,-0.52,-0.67,-0.6,c_01_02,Quartier SC2,0.625,0.051
23,frais_saison_seche,-0.68,-0.57,-0.27,-0.67,-0.68,-0.57,-2.97,c_01_02,Quartier SC2,0.625,0.051
23,saison_pluies,-0.23,-0.15,0.32,-0.23,-0.14,-0.15,0.12,c_01_02,Quartier SC2,0.599,0.051
24,chaud_saison_seche,-1.08,-1.16,-0.21,-1.08,-0.91,-1.02,-1.08,c_02_02,Quartier SC2,0.635,0.087
24,frais_saison_seche,-1.07,-0.71,-0.33,-1.07,-1.07,-0.71,-3.17,c_02_02,Quartier SC2,0.635,0.087
24,saison_pluies,-0.51,-0.45,0.15,-0.51,-2.25,-0.45,-2.87,c_02_02,Quartier SC2,0.624,0.087
25,chaud_saison_seche,-0.4,-0.34,0.34,-0.4,-0.33,-0.34,-0.4,c_03_02,Quartier SC2,0.798,0.0
25,frais_saison_seche,-0.74,-0.34,-0.05,-0.74,-0.74,-0.34,-3.74,c_03_02,Quartier SC2,0.798,0.0
25,saison_pluies,-0.23,-0.11,0.48,-0.23,-2.35,-0.29,-2.35,c_03_02,Quartier SC2,0.792,0.0
26,chaud_saison_seche,-0.16,-0.18,0.05,-0.16,-0.16,-0.18,0.3,c_04_02,Quartier SC2,0.521,0.0
26,frais_saison_seche,-0.43,-0.42,-0.2,-0.43,-0.43,-0.42,-3.43,c_04_02,Quartier SC2,0.521,0.0
26,saison_pluies,-0.66,-0.65,-0.08,-0.66,-3.94,-2.74,-4.5,c_04_02,Quartier SC2,0.518,0.0
27,chaud_saison_seche,-1.41,-1.8,-0.44,-1.41,-1.22,-1.63,-1.41,c_05_02,Quartier SC2,0.694,0.024
27,frais_saison_seche,-0.53,-0.19,0.08,-0.53,-0.53,-0.19,-2.07,c_05_02,Quartier SC2,0.694,0.024
27,saison_pluies,-0.92,-0.75,0.46,-0.92,-2.15,-0.75,-2.82,c_05_02,Quartier SC2,0.685,0.024
28,chaud_saison_seche,-1.45,-1.74,-0.39,-1.45,-1.23,-1.46,-1.45,c_06_02,Quartier SC2,0.706,0.072
28,frais_saison_seche,-1.3,-1.03,-0.47,-1.3,-1.3,-1.03,-2.56,c_06_02,Quartier SC2,0.706,0.072
28,saison_pluies,-0.85,-0.62,0.67,-0.85,-2.22,-0.62,-2.97,c_06_02,Quartier SC2,0.701,0.072
29,chaud_saison_seche,-7.21,-4.4,8.66,-7.21,-7.28,-4.4,-2.76,c_07_02,Quartier 3,0.89,0.09
29,frais_saison_seche,-3.3,7.19,10.86,-3.29,-3.29,7.19,-4.01,c_07_02,Quartier 3,0.89,0.09
29,saison_pluies,-7.11,-6.64,-3.35,-7.11,-7.74,-6.76,-5.38,c_07_02,Quartier 3,0.882,0.09
30,chaud_saison_seche,-8.08,-6.67,0.61,-8.08,-8.12,-6.67,-3.9,c_08_02,Quartier 3,0.899,0.058
30,frais_saison_seche,-3.02,3.37,2.73,-3.02,-3.02,3.37,-4.15,c_08_02,Quartier 3,0.899,0.058
30,saison_pluies,-3.97,-3.7,-0.89,-3.97,-3.44,-3.74,-3.33,c_08_02,Quartier 3,0.886,0.058
31,chaud_saison_seche,-1.75,-2.06,-0.38,-1.75,-1.54,-1.81,-1.7,c_09_02,Quartier 3,0.612,0.172
31,frais_saison_seche,-1.63,-1.22,-0.56,-1.64,-1.63,-1.22,-1.6,c_09_02,Quartier 3,0.612,0.172
31,saison_pluies,-1.12,-0.8,0.91,-1.12,-0.96,-0.81,-1.22,c_09_02,Quartier 3,0.611,0.172
32,chaud_saison_seche,-1.67,-1.26,0.79,-1.67,-1.45,-1.07,-1.64,c_10_02,Quartier 5,0.661,0.174
32,frais_saison_seche,-1.75,0.33,0.28,-1.75,-1.75,0.33,-2.41,c_10_02,Quartier 5,0.661,0.174
32,saison_pluies,-0.91,-1.04,-0.74,-0.91,-0.79,-1.04,-1.03,c_10_02,Quartier 5,0.65,0.174
33,chaud_saison_seche,-0.54,-0.55,-0.03,-0.55,-0.48,-0.54,-0.54,c_11_02,Quartier 5,0.271,0.227
33,frais_saison_seche,-0.6,-0.36,-0.21,-0.6,-0.6,-0.36,-0.47,c_11_02,Quartier 5,0.271,0.227
33,saison_pluies,-0.28,-0.32,-0.25,-0.27,-0.24,-0.32,-0.32,c_11_02,Quartier 5,0.27,0.227
34,chaud_saison_seche,-0.18,-0.08,0.24,-0.17,-0.17,-0.08,-0.15,c_01_03,Quartier 2,0.21,0.28
34,frais_saison_seche,-0.34,-0.01,0.04,-0.34,-0.34,-0.01,-0.29,c_01_03,Quartier 2,0.21,0.28
34,saison_pluies,-0.06,-0.08,-0.12,-0.06,-0.05,-0.08,-0.08,c_01_03,Quartier 2,0.21,0.28
35,chaud_saison_seche,-0.52,-0.53,-0.05,-0.52,-0.48,-0.44,-0.48,c_02_03,Quartier 2,0.327,0.228
35,frais_saison_seche,-0.63,-0.38,-0.18,-0.62,-0.63,-0.38,-0.52,c_02_03,Quartier 2,0.327,0.228
35,saison_pluies,-0.29,-0.3,-0.09,-0.29,-0.27,-0.3,-0.32,c_02_03,Quartier 2,0.324,0.228
36,chaud_saison_seche,-2.94,-0.51,10.99,-2.94,-2.35,-0.51,-2.28,c_03_03,Quartier 3,0.858,0.123
36,frais_saison_seche,-2.87,7.44,11.13,-2.88,-2.87,7.44,-3.31,c_03_03,Quartier 3,0.858,0.123
36,saison_pluies,-2.33,-2.21,-0.38,-2.33,-2.02,-2.33,-2.76,c_03_03,Quartier 3,0.845,0.123
37,chaud_saison_seche,-2.56,-0.07,11.01,-2.56,-2.07,-0.07,-2.3,c_04_03,Quartier 3,0.768,0.2
37,frais_saison_seche,-2.9,7.16,10.92,-2.9,-2.9,7.16,-2.29,c_04_03,Quartier 3,0.768,0.2
37,saison_pluies,-2.05,-2.1,-0.79,-2.05,-1.82,-2.13,-2.18,c_04_03,Quartier 3,0.757,0.2
38,chaud_saison_seche,-2.66,-0.58,7.44,-2.66,-2.22,-0.54,-2.48,c_05_03,Quartier 3,0.733,0.219
38,frais_saison_seche,-2.89,5.13,5.61,-2.89,-2.89,5.13,-2.46,c_05_03,Quartier 3,0.733,0.219
38,saison_pluies,-1.81,-1.76,-0.38,-1.81,-1.57,-1.76,-1.97,c_05_03,Quartier 3,0.716,0.219
39,chaud_saison_seche,-0.57,-0.64,-0.08,-0.57,-0.43,-0.45,-0.57,c_06_03,Quartier 3,0.563,0.111
39,frais_saison_seche,-0.62,-0.44,-0.21,-0.61,-0.62,-0.44,-1.36,c_06_03,Quartier 3,0.563,0.111
39,saison_pluies,-0.22,-0.1,0.41,-0.22,-0.14,-0.1,-0.68,c_06_03,Quartier 3,0.553,0.111
40,chaud_saison_seche,-4.98,-4.39,0.38,-4.97,-4.19,-3.57,-2.59,c_07_03,Quartier 3,0.822,0.117
40,frais_saison_seche,-2.73,1.53,1.09,-2.73,-2.73,1.53,-3.47,c_07_03,Quartier 3,0.822,0.117
40,saison_pluies,-2.05,-1.79,0.2,-2.04,-1.77,-1.83,-2.66,c_07_03,Quartier 3,0.804,0.117
41,chaud_saison_seche,-2.9,-2.35,1.47,-2.9,-2.17,-1.78,-2.27,c_08_03,Quartier 3,0.833,0.104
41,frais_saison_seche,-2.3,1.5,1.1,-2.31,-2.3,1.5,-3.35,c_08_03,Quartier 3,0.833,0.104
41,saison_pluies,-2.01,-1.68,0.53,-2.01,-2.33,-1.78,-3.22,c_08_03,Quartier 3,0.813,0.104
42,chaud_saison_seche,-2.14,-1.57,1.49,-2.14,-1.73,-1.24,-2.09,c_09_03,Quartier 3,0.738,0.167
42,frais_saison_seche,-2.1,1.13,0.83,-2.09,-2.1,1.13,-2.01,c_09_03,Quartier 3,0.738,0.167
42,saison_pluies,-1.5,-1.25,0.43,-1.51,-1.29,-1.3,-1.59,c_09_03,Quartier 3,0.725,0.167
43,chaud_saison_seche,-1.09,-0.94,0.21,-1.09,-0.94,-0.8,-1.07,c_10_03,Quartier 5,0.458,0.218
43,frais_saison_seche,-1.16,-0.2,-0.09,-1.16,-1.16,-0.2,-1.04,c_10_03,Quartier 5,0.458,0.218
43,saison_pluies,-0.63,-0.73,-0.57,-0.63,-0.53,-0.73,-0.7,c_10_03,Quartier 5,0.442,0.218
44,chaud_saison_seche,-0.62,-0.62,0.02,-0.62,-0.54,-0.6,-0.61,c_11_03,Quartier 5,0.475,0.141
44,frais_saison_seche,-0.69,-0.36,-0.16,-0.69,-0.69,-0.36,-2.26,c_11_03,Quartier 5,0.475,0.141
44,saison_pluies,-0.23,-0.19,0.09,-0.23,-0.16,-0.19,-0.29,c_11_03,Quartier 5,0.457,0.141
45,chaud_saison_seche,0.0,0.0,0.0,0.0,0.0,0.0,0.0,c_01_04,Quartier 2,0.0,0.298
45,frais_saison_seche,0.0,0.0,0.0,0.0,0.0,0.0,0.0,c_01_04,Quartier 2,0.0,0.298
45,saison_pluies,0.0,0.0,0.0,0.0,0.0,0.0,0.0,c_01_04,Quartier 2,0.0,0.298
46,chaud_saison_seche,-0.02,-0.02,0.04,-0.03,-0.02,-0.02,-0.03,c_02_04,Quartier 2,0.223,0.04
46,frais_saison_seche,-0.11,-0.09,-0.04,-0.1,-0.11,-0.09,-1.28,c_02_04,Quartier 2,0.223,0.04
46,saison_pluies,0.02,0.04,0.08,0.02,-1.98,0.04,-2.43,c_02_04,Quartier 2,0.218,0.04
47,chaud_saison_seche,-2.82,-1.12,9.69,-2.82,-2.32,-1.12,-2.54,c_03_04,Quartier 3,0.818,0.17
47,frais_saison_seche,-3.12,6.68,9.28,-3.12,-3.12,6.68,-3.23,c_03_04,Quartier 3,0.818,0.17
47,saison_pluies,-2.6,-2.7,-1.32,-2.6,-2.35,-2.76,-2.65,c_03_04,Quartier 3,0.808,0.17
48,chaud_saison_seche,-2.87,-1.27,9.68,-2.88,-2.28,-1.27,-2.41,c_04_04,Quartier 3,0.859,0.141
48,frais_saison_seche,-3.06,6.63,9.34,-3.06,-3.06,6.63,-3.05,c_04_04,Quartier 3,0.859,0.141
48,saison_pluies,-3.02,-3.19,-1.7,-3.02,-2.74,-3.25,-3.05,c_04_04,Quartier 3,0.851,0.141
49,chaud_saison_seche,-2.87,-1.14,9.57,-2.88,-2.35,-1.14,-2.52,c_05_04,Quartier 3,0.827,0.163
49,frais_saison_seche,-3.09,6.62,9.24,-3.1,-3.09,6.62,-3.27,c_05_04,Quartier 3,0.827,0.163
49,saison_pluies,-2.68,-2.88,-1.65,-2.68,-2.45,-2.88,-2.7,c_05_04,Quartier 3,0.815,0.163
50,chaud_saison_seche,-2.35,-0.38,6.86,-2.34,-1.9,-0.31,-2.3,c_06_04,Quartier 3,0.694,0.248
50,frais_saison_seche,-2.68,4.81,5.09,-2.67,-2.68,4.81,-2.08,c_06_04,Quartier 3,0.694,0.248
50,saison_pluies,-1.74,-1.75,-0.58,-1.74,-1.5,-1.75,-1.9,c_06_04,Quartier 3,0.668,0.248
51,chaud_saison_seche,-1.41,-1.73,-0.43,-1.41,-1.15,-1.43,-1.41,c_07_04,Quartier 3,0.668,0.097
51,frais_saison_seche,-1.27,-1.08,-0.51,-1.27,-1.27,-1.08,-2.27,c_07_04,Quartier 3,0.668,0.097
51,saison_pluies,-0.84,-0.64,0.55,-0.84,-1.54,-0.67,-2.33,c_07_04,Quartier 3,0.661,0.097
52,chaud_saison_seche,-0.49,-0.66,-0.13,-0.5,-0.39,-0.61,-0.5,c_08_04,Quartier 3,0.449,0.093
52,frais_saison_seche,-0.51,-0.52,-0.22,-0.52,-0.51,-0.52,-1.66,c_08_04,Quartier 3,0.449,0.093
52,saison_pluies,-0.23,-0.14,0.26,-0.23,-1.25,-0.19,-1.95,c_08_04,Quartier 3,0.434,0.093
53,chaud_saison_seche,-0.52,-0.7,-0.09,-0.53,-0.41,-0.65,-0.53,c_09_04,Quartier 3,0.534,0.04
53,frais_saison_seche,-0.54,-0.49,-0.18,-0.54,-0.54,-0.49,-2.06,c_09_04,Quartier 3,0.534,0.04
53,saison_pluies,-0.28,-0.17,0.33,-0.28,-1.21,-0.19,-1.67,c_09_04,Quartier 3,0.523,0.04
54,chaud_saison_seche,-2.69,-1.75,2.01,-2.69,-2.34,-1.54,-2.7,c_10_04,Quartier 5,0.73,0.172
54,frais_saison_seche,-2.62,1.51,1.22,-2.62,-2.62,1.51,-3.27,c_10_04,Quartier 5,0.73,0.172
54,saison_pluies,-1.73,-2.0,-1.5,-1.73,-1.51,-2.0,-1.85,c_10_04,Quartier 5,0.723,0.172
55,chaud_saison_seche,-0.46,-0.35,0.54,-0.46,-0.45,-0.35,-0.46,c_11_04,Servitude climatique 1,0.843,0.0
55,frais_saison_seche,-0.82,-0.18,0.05,-0.83,-0.82,-0.18,-3.81,c_11_04,Servitude climatique 1,0.843,0.0
55,saison_pluies,-0.17,-0.04,0.46,-0.17,0.65,-0.04,0.61,c_11_04,Servitude climatique 1,0.826,0.0
56,chaud_saison_seche,-0.54,-0.53,-0.05,-0.53,-0.52,-0.53,-0.53,c_01_05,Quartier 2,0.233,0.266
56,frais_saison_seche,-0.6,-0.38,-0.22,-0.6,-0.6,-0.38,-0.54,c_01_05,Quartier 2,0.233,0.266
56,saison_pluies,-0.29,-0.35,-0.25,-0.3,-0.26,-0.35,-0.34,c_01_05,Quartier 2,0.233,0.266
57,chaud_saison_seche,-0.47,-0.56,-0.21,-0.47,-0.39,-0.56,-0.47,c_02_05,Quartier 2,0.393,0.069
57,frais_saison_seche,-0.5,-0.52,-0.28,-0.5,-0.5,-0.52,-2.46,c_02_05,Quartier 2,0.393,0.069
57,saison_pluies,-0.23,-0.2,0.1,-0.23,-3.09,-1.46,-3.67,c_02_05,Quartier 2,0.39,0.069
58,chaud_saison_seche,-2.66,-0.96,9.78,-2.66,-2.15,-0.96,-2.4,c_03_05,Quartier 3,0.814,0.179
58,frais_saison_seche,-3.03,6.7,9.33,-3.04,-3.03,6.7,-2.84,c_03_05,Quartier 3,0.814,0.179
58,saison_pluies,-2.44,-2.55,-1.21,-2.44,-2.2,-2.61,-2.53,c_03_05,Quartier 3,0.798,0.179
59,chaud_saison_seche,-2.22,-2.42,0.02,-2.22,-1.77,-1.99,-2.21,c_04_05,Quartier 3,0.756,0.129
59,frais_saison_seche,-1.97,-0.69,-0.23,-1.96,-1.97,-0.69,-2.58,c_04_05,Quartier 3,0.756,0.129
59,saison_pluies,-1.49,-1.08,1.09,-1.49,-1.25,-1.22,-1.73,c_04_05,Quartier 3,0.747,0.129
60,chaud_saison_seche,-1.03,-1.09,-0.2,-1.02,-0.91,-1.0,-1.02,c_05_05,Quartier 3,0.416,0.309
60,frais_saison_seche,-1.11,-0.79,-0.42,-1.11,-1.11,-0.79,-1.01,c_05_05,Quartier 3,0.416,0.309
60,saison_pluies,-0.64,-0.66,-0.13,-0.64,-0.54,-0.66,-0.73,c_05_05,Quartier 3,0.411,0.308
61,chaud_saison_seche,-0.47,-0.55,-0.19,-0.47,-0.4,-0.55,-0.47,c_06_05,Quartier 6,0.478,0.024
61,frais_saison_seche,-0.55,-0.58,-0.31,-0.55,-0.55,-0.58,-2.87,c_06_05,Quartier 6,0.478,0.024
61,saison_pluies,-0.3,-0.28,0.08,-0.3,-4.11,-3.9,-4.55,c_06_05,Quartier 6,0.473,0.024
62,chaud_saison_seche,-0.15,-0.16,0.06,-0.14,-0.15,-0.16,0.48,c_07_05,Quartier 6,0.515,0.0
62,frais_saison_seche,-0.43,-0.42,-0.2,-0.42,-0.43,-0.42,-3.42,c_07_05,Quartier 6,0.515,0.0
62,saison_pluies,-0.1,-0.04,0.21,-0.1,-0.09,-0.04,-0.16,c_07_05,Quartier 6,0.504,0.0
63,chaud_saison_seche,-0.22,-0.25,0.05,-0.23,-0.21,-0.25,-0.23,c_08_05,Quartier 6,0.573,0.0
63,frais_saison_seche,-0.49,-0.46,-0.21,-0.48,-0.49,-0.46,-3.48,c_08_05,Quartier 6,0.573,0.0
63,saison_pluies,-0.11,-0.03,0.28,-0.11,-0.03,-0.03,-0.11,c_08_05,Quartier 6,0.557,0.0
64,chaud_saison_seche,-0.3,-0.3,0.19,-0.3,-0.3,-0.3,-0.3,c_09_05,Servitude climatique 1,0.722,0.0
64,frais_saison_seche,-0.63,-0.43,-0.15,-0.64,-0.63,-0.43,-3.62,c_09_05,Servitude climatique 1,0.722,0.0
64,saison_pluies,-0.09,0.06,0.55,-0.09,0.62,0.06,0.56,c_09_05,Servitude climatique 1,0.697,0.0
65,chaud_saison_seche,-1.24,-0.58,1.93,-1.24,-1.14,-0.58,-0.8,c_10_05,Servitude climatique 1,0.942,0.0
65,frais_saison_seche,-0.13,2.75,2.15,-0.14,-0.13,2.75,-3.12,c_10_05,Servitude climatique 1,0.942,0.0
65,saison_pluies,-0.45,-0.42,0.06,-0.45,-0.31,-0.42,-0.63,c_10_05,Servitude climatique 1,0.917,0.0
66,chaud_saison_seche,-0.47,-0.35,0.58,-0.47,-0.46,-0.35,-0.47,c_11_05,Servitude climatique 1,0.85,0.0
66,frais_saison_seche,-0.84,-0.14,0.08,-0.84,-0.84,-0.14,-3.82,c_11_05,Servitude climatique 1,0.85,0.0
66,saison_pluies,-0.19,-0.07,0.44,-0.19,0.69,-0.07,0.42,c_11_05,Servitude climatique 1,0.83,0.0
67,chaud_saison_seche,-0.07,-0.09,-0.01,-0.07,-0.07,-0.09,0.4,c_01_06,Servitude climatique 1,0.192,0.0
67,frais_saison_seche,-0.16,-0.19,-0.1,-0.17,-0.16,-0.19,-1.64,c_01_06,Servitude climatique 1,0.192,0.0
67,saison_pluies,-0.07,-0.07,0.02,-0.07,-2.28,-1.46,-2.28,c_01_06,Servitude climatique 1,0.191,0.0
68,chaud_saison_seche,-0.14,-0.15,0.07,-0.14,-0.12,-0.15,0.1,c_02_06,Servitude climatique 1,0.488,0.073
68,frais_saison_seche,-0.27,-0.19,-0.07,-0.28,-0.27,-0.19,-2.67,c_02_06,Servitude climatique 1,0.488,0.073
68,saison_pluies,0.13,0.22,0.34,0.13,-2.45,-0.18,-2.97,c_02_06,Servitude climatique 1,0.472,0.073
69,chaud_saison_seche,-1.22,-1.02,0.41,-1.22,-0.98,-0.79,-1.24,c_03_06,Quartier 2,0.559,0.237
69,frais_saison_seche,-1.32,-0.08,0.02,-1.32,-1.32,-0.08,-1.2,c_03_06,Quartier 2,0.559,0.237
69,saison_pluies,-0.55,-0.61,-0.41,-0.55,-0.41,-0.61,-0.68,c_03_06,Quartier 2,0.553,0.237
70,chaud_saison_seche,-0.53,-0.59,-0.16,-0.53,-0.43,-0.55,-0.53,c_04_06,Quartier 2,0.356,0.174
70,frais_saison_seche,-0.57,-0.48,-0.24,-0.57,-0.57,-0.48,-1.15,c_04_06,Quartier 2,0.356,0.174
70,saison_pluies,-0.2,-0.13,0.27,-0.21,-0.16,-0.13,-0.25,c_04_06,Quartier 2,0.351,0.174
71,chaud_saison_seche,-0.5,-0.6,-0.3,-0.5,-0.48,-0.6,-0.5,c_05_06,Quartier 6,0.324,0.001
71,frais_saison_seche,-0.47,-0.55,-0.31,-0.47,-0.47,-0.55,-2.54,c_05_06,Quartier 6,0.324,0.001
71,saison_pluies,-0.36,-0.37,-0.09,-0.36,-0.32,-0.37,-0.36,c_05_06,Quartier 6,0.311,0.001
72,chaud_saison_seche,-0.41,-0.34,0.42,-0.41,-0.41,-0.34,-0.41,c_06_06,Servitude climatique 1,0.816,0.0
72,frais_saison_seche,-0.77,-0.29,-0.04,-0.78,-0.77,-0.29,-3.76,c_06_06,Servitude climatique 1,0.816,0.0
72,saison_pluies,-0.16,-0.01,0.54,-0.16,0.62,-0.01,0.71,c_06_06,Servitude climatique 1,0.756,0.0
73,chaud_saison_seche,-3.14,-1.5,9.11,-3.14,-2.43,-1.5,-2.96,c_07_06,Servitude climatique 1,0.99,0.0
73,frais_saison_seche,-1.35,6.39,10.16,-1.35,-1.35,6.39,-4.35,c_07_06,Servitude climatique 1,0.99,0.0
73,saison_pluies,-1.33,-1.62,-1.19,-1.33,-2.1,-1.62,-2.75,c_07_06,Servitude climatique 1,0.975,0.0
74,chaud_saison_seche,-4.94,-2.85,6.4,-4.94,-5.02,-2.85,-2.1,c_08_06,Quartier 1,0.916,0.054
74,frais_saison_seche,-2.77,5.64,6.0,-2.76,-2.77,5.64,-3.91,c_08_06,Quartier 1,0.916,0.054
74,saison_pluies,-2.58,-2.44,-0.42,-2.58,-3.78,-2.52,-4.7,c_08_06,Quartier 1,0.907,0.054
75,chaud_saison_seche,-1.89,-2.01,-0.45,-1.89,-1.66,-1.71,-1.87,c_09_06,Quartier 1,0.641,0.143
75,frais_saison_seche,-1.7,-1.04,-0.57,-1.7,-1.7,-1.04,-2.0,c_09_06,Quartier 1,0.641,0.143
75,saison_pluies,-0.93,-0.87,0.01,-0.92,-0.78,-0.87,-0.96,c_09_06,Quartier 1,0.634,0.143
76,chaud_saison_seche,-0.65,-0.59,0.17,-0.66,-0.53,-0.5,-0.64,c_10_06,Quartier 1,0.462,0.166
76,frais_saison_seche,-0.74,-0.19,-0.07,-0.75,-0.74,-0.19,-1.72,c_10_06,Quartier 1,0.462,0.166
76,saison_pluies,-0.27,-0.3,-0.21,-0.27,-0.2,-0.3,-0.34,c_10_06,Quartier 1,0.459,0.166
77,chaud_saison_seche,-0.13,-0.1,0.11,-0.12,-0.11,-0.1,-0.1,c_11_06,Quartier 1,0.241,0.176
77,frais_saison_seche,-0.22,-0.03,0.02,-0.22,-0.22,-0.03,-0.53,c_11_06,Quartier 1,0.241,0.176
77,saison_pluies,0.01,0.01,0.0,0.01,0.02,0.01,-0.01,c_11_06,Quartier 1,0.225,0.176
78,chaud_saison_seche,-0.13,-0.15,0.01,-0.13,-0.13,-0.15,0.91,c_01_07,Servitude climatique 1,0.369,0.0
78,frais_saison_seche,-0.3,-0.33,-0.16,-0.31,-0.3,-0.33,-2.77,c_01_07,Servitude climatique 1,0.369,0.0
78,saison_pluies,0.17,0.23,0.24,0.16,0.17,0.23,0.16,c_01_07,Servitude climatique 1,0.37,0.0
79,chaud_saison_seche,-0.49,-0.57,-0.22,-0.48,-0.38,-0.55,-0.48,c_02_07,Servitude climatique 1,0.42,0.084
79,frais_saison_seche,-0.5,-0.52,-0.27,-0.5,-0.5,-0.52,-1.85,c_02_07,Servitude climatique 1,0.42,0.084
79,saison_pluies,-0.1,-0.05,0.15,-0.1,-1.32,-0.05,-1.92,c_02_07,Servitude climatique 1,0.405,0.084
80,chaud_saison_seche,-0.51,-0.58,-0.2,-0.5,-0.4,-0.53,-0.51,c_03_07,Quartier 2,0.263,0.192
80,frais_saison_seche,-0.5,-0.47,-0.25,-0.49,-0.5,-0.47,-0.43,c_03_07,Quartier 2,0.263,0.192
80,saison_pluies,-0.28,-0.24,0.1,-0.29,-0.22,-0.24,-0.33,c_03_07,Quartier 2,0.252,0.192
81,chaud_saison_seche,-0.48,-0.57,-0.21,-0.48,-0.38,-0.49,-0.48,c_04_07,Quartier 2,0.29,0.144
81,frais_saison_seche,-0.46,-0.45,-0.24,-0.46,-0.46,-0.45,-0.85,c_04_07,Quartier 2,0.29,0.144
81,saison_pluies,-0.27,-0.24,0.08,-0.27,-0.21,-0.24,-0.31,c_04_07,Quartier 2,0.276,0.144
82,chaud_saison_seche,-0.48,-0.42,0.36,-0.47,-0.36,-0.36,-0.47,c_05_07,Servitude climatique 1,0.815,0.0
82,frais_saison_seche,-0.78,-0.31,-0.05,-0.77,-0.78,-0.31,-3.77,c_05_07,Servitude climatique 1,0.815,0.0
82,saison_pluies,-0.14,0.01,0.53,-0.14,0.08,0.01,0.43,c_05_07,Servitude climatique 1,0.79,0.0
83,chaud_saison_seche,-1.27,-0.55,2.1,-1.27,-1.17,-0.55,-0.82,c_06_07,Servitude climatique 1,0.945,0.0
83,frais_saison_seche,-0.04,3.02,2.37,-0.05,-0.04,3.02,-3.03,c_06_07,Servitude climatique 1,0.945,0.0
83,saison_pluies,-0.52,-0.52,-0.05,-0.52,-0.38,-0.52,-0.94,c_06_07,Servitude climatique 1,0.93,0.0
84,chaud_saison_seche,-1.1,-1.24,-0.36,-1.11,-0.85,-1.0,-1.11,c_07_07,Quartier 1,0.714,0.039
84,frais_saison_seche,-1.04,-0.86,-0.42,-1.03,-1.04,-0.86,-3.3,c_07_07,Quartier 1,0.714,0.039
84,saison_pluies,-0.65,-0.56,0.28,-0.65,-4.05,-3.46,-4.72,c_07_07,Quartier 1,0.702,0.039
85,chaud_saison_seche,-0.94,-1.05,-0.36,-0.95,-0.8,-0.9,-0.94,c_08_07,Quartier 1,0.39,0.177
85,frais_saison_seche,-0.89,-0.73,-0.39,-0.89,-0.89,-0.73,-0.94,c_08_07,Quartier 1,0.39,0.177
85,saison_pluies,-0.58,-0.57,-0.08,-0.58,-0.48,-0.57,-0.63,c_08_07,Quartier 1,0.383,0.177
86,chaud_saison_seche,-0.39,-0.47,-0.26,-0.39,-0.38,-0.47,-0.39,c_09_07,Quartier 1,0.066,0.169
86,frais_saison_seche,-0.33,-0.41,-0.23,-0.34,-0.33,-0.41,-0.44,c_09_07,Quartier 1,0.066,0.169
86,saison_pluies,-0.24,-0.25,-0.08,-0.24,-0.21,-0.25,-0.25,c_09_07,Quartier 1,0.066,0.169
87,chaud_saison_seche,-0.54,-0.6,-0.16,-0.54,-0.44,-0.56,-0.53,c_10_07,Quartier 1,0.319,0.206
87,frais_saison_seche,-0.58,-0.47,-0.23,-0.59,-0.58,-0.47,-0.49,c_10_07,Quartier 1,0.319,0.206
87,saison_pluies,-0.27,-0.23,0.13,-0.27,-0.22,-0.23,-0.31,c_10_07,Quartier 1,0.31,0.206
88,chaud_saison_seche,-1.03,-1.14,-0.31,-1.04,-0.85,-0.97,-1.03,c_11_07,Quartier 1,0.537,0.13
88,frais_saison_seche,-0.99,-0.75,-0.38,-0.99,-0.99,-0.75,-1.88,c_11_07,Quartier 1,0.537,0.13
88,saison_pluies,-0.26,-0.18,0.27,-0.26,-0.19,-0.18,-0.31,c_11_07,Quartier 1,0.518,0.13
89,chaud_saison_seche,-0.06,-0.07,-0.01,-0.06,-0.06,-0.07,0.01,c_01_08,Servitude climatique 1,0.153,0.0
89,frais_saison_seche,-0.13,-0.15,-0.08,-0.14,-0.13,-0.15,-1.35,c_01_08,Servitude climatique 1,0.153,0.0
89,saison_pluies,-0.2,-0.2,-0.06,-0.2,-0.2,-0.2,-0.2,c_01_08,Servitude climatique 1,0.153,0.0
90,chaud_saison_seche,-0.22,-0.23,0.08,-0.22,-0.22,-0.23,0.08,c_02_08,Servitude climatique 1,0.589,0.0
90,frais_saison_seche,-0.49,-0.45,-0.2,-0.5,-0.49,-0.45,-3.48,c_02_08,Servitude climatique 1,0.589,0.0
90,saison_pluies,-0.55,-0.5,0.06,-0.56,-0.34,-0.5,-0.56,c_02_08,Servitude climatique 1,0.581,0.0
91,chaud_saison_seche,-1.83,-0.56,4.03,-1.84,-1.71,-0.56,-1.59,c_03_08,Servitude climatique 1,0.966,0.0
91,frais_saison_seche,0.37,5.19,4.54,0.36,0.37,5.19,-2.62,c_03_08,Servitude climatique 1,0.966,0.0
91,saison_pluies,0.44,0.53,0.42,0.44,0.44,0.53,0.44,c_03_08,Servitude climatique 1,0.94,0.0
92,chaud_saison_seche,-3.63,-2.01,8.82,-3.63,-3.02,-1.87,-3.41,c_04_08,Servitude climatique 1,0.995,0.0
92,frais_saison_seche,-1.97,5.95,9.78,-1.98,-1.97,5.95,-4.96,c_04_08,Servitude climatique 1,0.995,0.0
92,saison_pluies,-1.7,-1.98,-1.37,-1.7,-4.77,-3.39,-5.28,c_04_08,Servitude climatique 1,0.974,0.0
93,chaud_saison_seche,-1.33,-0.75,1.65,-1.33,-1.01,-0.54,-1.23,c_05_08,Servitude climatique 1,0.938,0.0
93,frais_saison_seche,0.07,2.76,2.13,0.07,0.07,2.76,-2.93,c_05_08,Servitude climatique 1,0.938,0.0
93,saison_pluies,-0.51,-0.5,-0.04,-0.51,-0.24,-0.5,-0.51,c_05_08,Servitude climatique 1,0.928,0.0
94,chaud_saison_seche,-0.14,-0.15,-0.01,-0.14,-0.14,-0.15,0.79,c_06_08,Quartier A,0.38,0.0
94,frais_saison_seche,-0.32,-0.34,-0.17,-0.32,-0.32,-0.34,-2.84,c_06_08,Quartier A,0.38,0.0
94,saison_pluies,-0.07,-0.05,0.12,-0.07,-0.07,-0.05,-0.55,c_06_08,Quartier A,0.368,0.0
95,chaud_saison_seche,0.0,-0.01,0.0,0.0,0.0,-0.01,0.0,c_07_08,Quartier A,0.004,0.141
95,frais_saison_seche,0.0,-0.01,0.0,0.0,0.0,-0.01,-0.01,c_07_08,Quartier A,0.004,0.141
95,saison_pluies,0.0,0.0,0.0,0.0,0.0,0.0,0.0,c_07_08,Quartier A,0.0,0.141
96,chaud_saison_seche,0.0,0.0,0.0,0.0,0.0,0.0,0.0,c_08_08,Quartier A,0.0,0.406
96,frais_saison_seche,0.0,0.0,0.0,0.0,0.0,0.0,0.0,c_08_08,Quartier A,0.0,0.406
96,saison_pluies,0.0,0.0,0.0,0.0,0.0,0.0,0.0,c_08_08,Quartier A,0.0,0.406
97,chaud_saison_seche,-0.83,-0.94,-0.29,-0.83,-0.73,-0.84,-0.81,c_09_08,Quartier A,0.261,0.266
97,frais_saison_seche,-0.81,-0.71,-0.37,-0.8,-0.81,-0.71,-0.73,c_09_08,Quartier A,0.261,0.266
97,saison_pluies,-0.56,-0.49,0.19,-0.56,-0.48,-0.49,-0.61,c_09_08,Quartier A,0.253,0.266
98,chaud_saison_seche,-1.11,-1.26,-0.37,-1.11,-0.92,-1.1,-1.11,c_10_08,Quartier A,0.693,0.07
98,frais_saison_seche,-1.07,-0.89,-0.44,-1.07,-1.07,-0.89,-3.31,c_10_08,Quartier A,0.693,0.07
98,saison_pluies,0.14,0.33,0.73,0.14,-2.32,0.32,-2.83,c_10_08,Quartier A,0.662,0.07
99,chaud_saison_seche,-0.23,-0.24,0.1,-0.23,-0.23,-0.24,-0.08,c_11_08,Quartier A,0.619,0.0
99,frais_saison_seche,-0.52,-0.45,-0.19,-0.53,-0.52,-0.45,-3.51,c_11_08,Quartier A,0.619,0.0
99,saison_pluies,-0.36,-0.28,0.23,-0.36,-1.59,-0.28,-2.21,c_11_08,Quartier A,0.616,0.0
100,chaud_saison_seche,0.0,0.0,0.0,0.0,0.0,0.0,0.0,c_01_09,Servitude climatique 1,0.0,0.0
100,frais_saison_seche,0.0,0.0,0.0,0.0,0.0,0.0,0.0,c_01_09,Servitude climatique 1,0.0,0.0
100,saison_pluies,0.0,0.0,0.0,0.0,0.0,0.0,0.0,c_01_09,Servitude climatique 1,0.0,0.0
101,chaud_saison_seche,-0.16,-0.18,0.02,-0.16,-0.16,-0.18,0.71,c_02_09,Servitude climatique 1,0.449,0.0
101,frais_saison_seche,-0.37,-0.38,-0.18,-0.38,-0.37,-0.38,-3.18,c_02_09,Servitude climatique 1,0.449,0.0
101,saison_pluies,-0.37,-0.34,0.0,-0.37,-0.34,-0.34,-0.37,c_02_09,Servitude climatique 1,0.433,0.0
102,chaud_saison_seche,-17.48,-12.17,0.85,-17.48,-17.48,-12.17,-7.22,c_03_09,Servitude climatique 1,0.991,0.002
102,frais_saison_seche,-5.85,3.86,7.54,-5.85,-4.82,3.86,-6.23,c_03_09,Servitude climatique 1,0.991,0.002
102,saison_pluies,-5.55,-5.55,-3.57,-5.55,-5.16,-5.41,-2.91,c_03_09,Servitude climatique 1,0.97,0.002
103,chaud_saison_seche,-4.13,-3.9,-0.41,-4.13,-2.9,-2.79,-3.47,c_04_09,Servitude climatique 1,0.843,0.095
103,frais_saison_seche,-2.73,-0.13,-0.02,-2.74,-2.73,-0.13,-4.42,c_04_09,Servitude climatique 1,0.843,0.095
103,saison_pluies,-1.8,-1.86,-0.83,-1.8,-2.99,-1.86,-3.82,c_04_09,Servitude climatique 1,0.841,0.095
104,chaud_saison_seche,-0.48,-0.58,-0.26,-0.49,-0.38,-0.57,-0.49,c_05_09,Quartier A,0.358,0.057
104,frais_saison_seche,-0.47,-0.54,-0.3,-0.48,-0.47,-0.54,-2.31,c_05_09,Quartier A,0.358,0.057
104,saison_pluies,-0.26,-0.25,0.0,-0.26,-3.27,-1.92,-3.86,c_05_09,Quartier A,0.339,0.057
105,chaud_saison_seche,-0.01,0.0,0.01,0.0,-0.01,0.0,0.0,c_06_09,Quartier A,0.055,0.141
105,frais_saison_seche,-0.03,-0.03,-0.01,-0.04,-0.03,-0.03,-0.12,c_06_09,Quartier A,0.055,0.141
105,saison_pluies,0.01,0.02,0.03,0.01,0.01,0.02,0.01,c_06_09,Quartier A,0.055,0.141
106,chaud_saison_seche,-0.01,-0.02,0.02,-0.01,-0.02,-0.02,-0.01,c_07_09,Quartier A,0.125,0.107
106,frais_saison_seche,-0.06,-0.05,-0.02,-0.06,-0.06,-0.05,-0.33,c_07_09,Quartier A,0.125,0.107
106,saison_pluies,0.03,0.05,0.07,0.03,0.02,0.05,0.02,c_07_09,Quartier A,0.125,0.107
107,chaud_saison_seche,-0.03,-0.04,0.03,-0.03,-0.03,-0.04,-0.03,c_08_09,Quartier A,0.1,0.174
107,frais_saison_seche,-0.08,-0.06,-0.02,-0.08,-0.08,-0.06,-0.01,c_08_09,Quartier A,0.1,0.174
107,saison_pluies,0.02,0.03,0.09,0.01,0.01,0.01,0.01,c_08_09,Quartier A,0.1,0.174
108,chaud_saison_seche,-0.36,-0.5,-0.23,-0.36,-0.32,-0.5,-0.35,c_09_09,Quartier A,0.103,0.203
108,frais_saison_seche,-0.33,-0.45,-0.22,-0.32,-0.33,-0.45,-0.28,c_09_09,Quartier A,0.103,0.203
108,saison_pluies,-0.2,-0.21,-0.05,-0.2,-0.18,-0.2,-0.23,c_09_09,Quartier A,0.103,0.203
109,chaud_saison_seche,-0.52,-0.94,-0.12,-0.52,-0.41,-0.94,-0.51,c_10_09,Quartier A,0.395,0.181
109,frais_saison_seche,-0.58,-0.55,-0.26,-0.58,-0.58,-0.55,-0.54,c_10_09,Quartier A,0.395,0.181
109,saison_pluies,-0.18,-0.01,0.47,-0.18,-0.13,-0.15,-0.24,c_10_09,Quartier A,0.392,0.181
110,chaud_saison_seche,-0.16,-0.18,0.03,-0.16,-0.16,-0.18,0.66,c_11_09,Quartier A,0.464,0.0
110,frais_saison_seche,-0.38,-0.39,-0.19,-0.39,-0.38,-0.39,-3.26,c_11_09,Quartier A,0.464,0.0
110,saison_pluies,-0.05,0.0,0.19,-0.05,-2.05,0.0,-2.05,c_11_09,Quartier A,0.451,0.0
111,chaud_saison_seche,-0.19,-0.21,0.05,-0.19,-0.19,-0.21,0.4,c_01_10,Servitude climatique 1,0.526,0.0
111,frais_saison_seche,-0.43,-0.42,-0.2,-0.44,-0.43,-0.42,-3.42,c_01_10,Servitude climatique 1,0.526,0.0
111,saison_pluies,-0.65,-0.63,-0.09,-0.65,-1.18,-0.63,-1.8,c_01_10,Servitude climatique 1,0.511,0.0
112,chaud_saison_seche,-0.61,-0.31,1.06,-0.61,-0.55,-0.31,-0.61,c_02_10,Servitude climatique 1,0.901,0.0
112,frais_saison_seche,-0.97,0.38,0.44,-0.97,-0.97,0.38,-3.97,c_02_10,Servitude climatique 1,0.901,0.0
112,saison_pluies,-1.26,-1.28,-0.26,-1.26,-4.54,-3.8,-5.27,c_02_10,Servitude climatique 1,0.883,0.0
113,chaud_saison_seche,-0.11,-0.08,0.09,-0.11,-0.09,-0.05,-0.09,c_03_10,Quartier A,0.215,0.227
113,frais_saison_seche,-0.21,-0.11,-0.04,-0.22,-0.21,-0.11,-0.16,c_03_10,Quartier A,0.215,0.227
113,saison_pluies,-0.02,0.05,0.24,-0.02,-0.01,0.05,-0.02,c_03_10,Quartier A,0.214,0.227
114,chaud_saison_seche,-0.04,-0.04,0.03,-0.04,-0.03,-0.04,-0.03,c_04_10,Quartier A,0.082,0.238
114,frais_saison_seche,-0.09,-0.07,-0.03,-0.09,-0.09,-0.07,-0.07,c_04_10,Quartier A,0.082,0.238
114,saison_pluies,-0.01,0.01,0.09,-0.01,-0.01,0.01,-0.01,c_04_10,Quartier A,0.082,0.238
115,chaud_saison_seche,-0.42,-0.54,-0.16,-0.42,-0.38,-0.54,-0.39,c_05_10,Quartier A,0.192,0.243
115,frais_saison_seche,-0.45,-0.49,-0.23,-0.45,-0.45,-0.49,-0.38,c_05_10,Quartier A,0.192,0.243
115,saison_pluies,-0.25,-0.2,0.11,-0.25,-0.22,-0.25,-0.27,c_05_10,Quartier A,0.192,0.243
116,chaud_saison_seche,-0.06,-0.07,0.02,-0.05,-0.04,-0.07,-0.05,c_06_10,Quartier A,0.096,0.225
116,frais_saison_seche,-0.09,-0.09,-0.03,-0.1,-0.09,-0.09,-0.08,c_06_10,Quartier A,0.096,0.225
116,saison_pluies,-0.01,0.01,0.08,-0.01,-0.01,0.0,-0.02,c_06_10,Quartier A,0.085,0.225
117,chaud_saison_seche,-0.84,-1.05,-0.31,-0.85,-0.72,-0.96,-0.84,c_07_10,Quartier A,0.3,0.254
117,frais_saison_seche,-0.81,-0.8,-0.36,-0.81,-0.81,-0.8,-0.74,c_07_10,Quartier A,0.3,0.254
117,saison_pluies,-0.52,-0.43,0.24,-0.52,-0.44,-0.43,-0.59,c_07_10,Quartier A,0.289,0.254
118,chaud_saison_seche,-0.51,-0.67,-0.18,-0.51,-0.38,-0.61,-0.51,c_08_10,Quartier A,0.386,0.148
118,frais_saison_seche,-0.51,-0.54,-0.24,-0.5,-0.51,-0.54,-0.99,c_08_10,Quartier A,0.386,0.148
118,saison_pluies,-0.23,-0.16,0.23,-0.23,-0.15,-0.18,-0.09,c_08_10,Quartier A,0.383,0.148
119,chaud_saison_seche,-0.48,-0.71,-0.19,-0.48,-0.31,-0.69,-0.48,c_09_10,Quartier A,0.355,0.036
119,frais_saison_seche,-0.39,-0.43,-0.17,-0.39,-0.39,-0.43,-1.64,c_09_10,Quartier A,0.355,0.036
119,saison_pluies,-0.26,-0.2,0.12,-0.26,-2.52,-0.2,-2.53,c_09_10,Quartier A,0.337,0.036
120,chaud_saison_seche,-0.5,-0.83,-0.2,-0.5,-0.38,-0.83,-0.5,c_10_10,Quartier A,0.377,0.014
120,frais_saison_seche,-0.1,0.07,0.09,-0.09,-0.1,0.07,-0.69,c_10_10,Quartier A,0.377,0.014
120,saison_pluies,-0.31,-0.24,0.18,-0.31,-0.79,-0.25,-1.33,c_10_10,Quartier A,0.368,0.014
121,chaud_saison_seche,-0.54,-0.66,-0.3,-0.54,-0.54,-0.66,-0.54,c_01_11,Quartier A,0.276,0.302
121,frais_saison_seche,-0.6,-0.7,-0.39,-0.61,-0.6,-0.7,-0.53,c_01_11,Quartier A,0.276,0.302
121,saison_pluies,-0.31,-0.31,0.0,-0.31,-0.26,-0.31,-0.36,c_01_11,Quartier A,0.268,0.302
122,chaud_saison_seche,-0.39,-0.51,-0.21,-0.39,-0.34,-0.51,-0.39,c_02_11,Quartier A,0.175,0.174
122,frais_saison_seche,-0.37,-0.45,-0.22,-0.37,-0.37,-0.45,-0.26,c_02_11,Quartier A,0.175,0.174
122,saison_pluies,-0.23,-0.21,0.0,-0.23,-0.19,-0.21,-0.25,c_02_11,Quartier A,0.153,0.174
123,chaud_saison_seche,-0.52,-0.66,-0.08,-0.52,-0.41,-0.6,-0.51,c_03_11,Quartier A,0.33,0.212
123,frais_saison_seche,-0.55,-0.5,-0.2,-0.55,-0.55,-0.5,-0.49,c_03_11,Quartier A,0.33,0.212
123,saison_pluies,-0.26,-0.16,0.33,-0.26,-0.2,-0.21,-0.33,c_03_11,Quartier A,0.323,0.212
124,chaud_saison_seche,-0.48,-0.66,-0.2,-0.49,-0.37,-0.58,-0.49,c_04_11,Quartier A,0.368,0.094
124,frais_saison_seche,-0.46,-0.51,-0.23,-0.46,-0.46,-0.51,-1.39,c_04_11,Quartier A,0.368,0.094
124,saison_pluies,-0.23,-0.19,0.14,-0.23,-1.26,-0.19,-1.52,c_04_11,Quartier A,0.356,0.094
125,chaud_saison_seche,-0.5,-0.68,-0.23,-0.51,-0.36,-0.62,-0.51,c_05_11,Quartier A,0.379,0.012
125,frais_saison_seche,0.04,0.19,0.16,0.05,0.04,0.19,-1.44,c_05_11,Quartier A,0.379,0.012
125,saison_pluies,-0.34,-0.32,0.06,-0.34,-2.19,-0.3,-2.46,c_05_11,Quartier A,0.367,0.012
126,chaud_saison_seche,-0.13,-0.15,-0.02,-0.13,-0.13,-0.15,0.61,c_06_11,Quartier A,0.323,0.0
126,frais_saison_seche,-0.28,-0.31,-0.16,-0.27,-0.28,-0.31,-2.52,c_06_11,Quartier A,0.323,0.0
126,saison_pluies,-0.09,-0.07,0.07,-0.09,-0.08,-0.07,-0.09,c_06_11,Quartier A,0.318,0.0
127,chaud_saison_seche,0.0,0.0,0.0,0.0,0.0,0.0,0.0,c_01_12,Quartier A,0.001,0.062
127,frais_saison_seche,0.0,0.0,0.0,0.0,0.0,0.0,-0.01,c_01_12,Quartier A,0.001,0.062
127,saison_pluies,0.0,0.0,0.0,0.0,0.0,-0.02,-0.01,c_01_12,Quartier A,0.001,0.062
128,chaud_saison_seche,-0.1,-0.11,-0.02,-0.1,-0.1,-0.11,0.47,c_02_12,Quartier A,0.23,0.0
128,frais_saison_seche,-0.2,-0.23,-0.12,-0.2,-0.2,-0.23,-1.91,c_02_12,Quartier A,0.23,0.0
128,saison_pluies,-0.12,-0.13,0.01,-0.12,-4.15,-4.24,-4.5,c_02_12,Quartier A,0.224,0.0
