quartier,month,QN,QH,QE,QS,QF,RH2,U10,Kdown,LAI,SMD,scenario
Quartier 1,2017-01,71.191,43.682,28.881,0.667,2.039,37.544,1.26,231.157,3.539,206.645,arbres
Quartier 1,2017-02,94.461,63.277,24.143,9.08,2.039,50.139,1.623,255.02,3.35,234.391,arbres
Quartier 1,2017-03,121.999,81.255,23.929,18.853,2.039,52.601,1.627,286.843,3.327,259.231,arbres
Quartier 1,2017-04,131.594,90.443,20.822,22.369,2.039,54.902,1.656,306.806,3.327,283.643,arbres
Quartier 1,2017-05,154.453,110.698,15.237,30.556,2.039,69.793,1.312,294.192,3.327,301.824,arbres
Quartier 1,2017-06,150.591,107.451,15.846,29.333,2.039,72.788,1.367,280.902,3.779,320.822,arbres
Quartier 1,2017-07,145.775,94.021,26.254,27.538,2.039,73.143,1.113,254.055,3.779,320.246,arbres
Quartier 1,2017-08,132.407,78.695,32.954,22.796,2.039,79.636,1.167,226.605,3.779,282.304,arbres
Quartier 1,2017-09,145.098,90.308,29.536,27.292,2.039,81.115,0.943,255.182,3.779,220.899,arbres
Quartier 1,2017-10,131.22,82.013,28.976,22.27,2.039,73.008,0.949,266.349,3.779,218.188,arbres
Quartier 1,2017-11,86.664,56.702,25.705,6.296,2.039,59.885,1.004,234.208,3.325,242.66,arbres
Quartier 1,2017-12,68.301,49.718,20.899,-0.277,2.039,41.073,1.381,221.144,3.311,267.921,arbres
Quartier 1,2018-01,67.409,51.452,18.589,-0.593,2.039,40.639,1.463,233.674,3.264,289.222,arbres
Quartier 2,2017-01,68.412,46.786,23.987,-0.251,2.11,37.259,1.742,231.157,3.549,151.785,arbres
Quartier 2,2017-02,91.274,64.335,20.598,8.45,2.11,50.035,2.222,255.02,3.363,174.938,arbres
Quartier 2,2017-03,118.32,80.25,21.618,18.562,2.11,52.487,2.234,286.843,3.345,197.142,arbres
Quartier 2,2017-04,127.655,89.017,18.588,22.16,2.11,54.874,2.263,306.806,3.345,218.87,arbres
Quartier 2,2017-05,150.529,108.738,13.134,30.766,2.11,69.866,1.784,294.192,3.345,234.878,arbres
Quartier 2,2017-06,146.356,103.743,15.317,29.405,2.11,72.99,1.764,280.902,3.692,249.466,arbres
Quartier 2,2017-07,141.896,90.082,26.302,27.623,2.11,73.219,1.438,254.055,3.692,248.412,arbres
Quartier 2,2017-08,128.935,76.999,31.283,22.761,2.11,79.605,1.512,226.605,3.692,209.94,arbres
Quartier 2,2017-09,141.208,89.044,26.893,27.38,2.11,81.202,1.219,255.182,3.692,148.608,arbres
Quartier 2,2017-10,127.262,81.344,25.957,22.071,2.11,73.005,1.227,266.349,3.692,146.381,arbres
Quartier 2,2017-11,83.726,57.702,22.545,5.589,2.11,59.589,1.376,234.208,3.343,168.895,arbres
Quartier 2,2017-12,65.588,50.29,18.669,-1.262,2.11,40.928,1.889,221.144,3.335,191.205,arbres
Quartier 2,2018-01,64.535,50.714,17.584,-1.653,2.11,40.561,1.995,233.674,3.304,210.693,arbres
Quartier 3,2017-01,79.025,38.357,41.826,3.197,4.355,37.594,1.779,231.157,3.541,361.847,arbres
Quartier 3,2017-02,103.36,62.503,34.48,10.73,4.355,50.136,2.231,255.02,3.351,401.653,arbres
Quartier 3,2017-03,132.216,82.561,34.565,19.445,4.355,52.623,2.145,286.843,3.326,437.401,arbres
Quartier 3,2017-04,142.536,94.285,29.923,22.683,4.355,54.831,2.192,306.806,3.326,472.666,arbres
Quartier 3,2017-05,165.281,120.139,19.92,29.577,4.355,69.654,1.711,294.192,3.326,497.838,arbres
Quartier 3,2017-06,162.296,121.126,16.49,29.035,4.355,72.643,1.74,280.902,4.0,522.139,arbres
Quartier 3,2017-07,156.474,106.419,27.163,27.247,4.355,73.058,1.391,254.055,4.0,521.06,arbres
Quartier 3,2017-08,141.978,84.243,39.255,22.835,4.355,79.762,1.452,226.605,4.0,480.641,arbres
Quartier 3,2017-09,155.829,94.291,38.923,26.97,4.355,81.089,1.18,255.182,4.0,410.35,arbres
Quartier 3,2017-10,142.182,84.61,39.131,22.796,4.355,72.968,1.21,266.349,4.0,407.634,arbres
Quartier 3,2017-11,94.855,57.899,33.138,8.173,4.355,59.886,1.332,234.208,3.323,443.427,arbres
Quartier 3,2017-12,75.888,52.892,24.917,2.434,4.355,40.891,1.848,221.144,3.307,474.889,arbres
Quartier 3,2018-01,75.424,57.373,20.102,2.303,4.355,40.39,1.936,233.674,3.25,499.072,arbres
Quartier 4,2017-01,69.395,40.565,31.498,-0.872,1.796,37.703,1.728,231.157,3.645,213.367,arbres
Quartier 4,2017-02,92.472,61.138,26.136,6.994,1.796,50.323,2.192,255.02,3.453,243.7,arbres
Quartier 4,2017-03,119.767,82.547,22.888,16.128,1.796,52.597,2.214,286.843,3.433,268.742,arbres
Quartier 4,2017-04,129.209,91.162,20.455,19.388,1.796,55.027,2.245,306.806,3.433,292.197,arbres
Quartier 4,2017-05,152.187,110.826,16.059,27.098,1.796,69.913,1.773,294.192,3.433,310.699,arbres
Quartier 4,2017-06,147.773,105.633,18.115,25.821,1.796,72.952,1.81,280.902,3.801,325.229,arbres
Quartier 4,2017-07,143.232,91.222,29.61,24.195,1.796,73.197,1.479,254.055,3.801,326.315,arbres
Quartier 4,2017-08,130.14,77.221,34.905,19.81,1.796,79.619,1.552,226.605,3.801,286.858,arbres
Quartier 4,2017-09,142.543,88.389,32.021,23.929,1.796,81.063,1.261,255.182,3.801,217.598,arbres
Quartier 4,2017-10,128.541,79.134,32.042,19.161,1.796,73.084,1.266,266.349,3.801,214.352,arbres
Quartier 4,2017-11,84.831,53.068,29.153,4.406,1.796,59.964,1.373,234.208,3.431,247.81,arbres
Quartier 4,2017-12,66.555,45.991,24.103,-1.743,1.796,41.277,1.866,221.144,3.422,276.671,arbres
Quartier 4,2018-01,65.544,47.396,22.007,-2.063,1.796,40.837,1.978,233.674,3.387,301.613,arbres
Quartier 5,2017-01,73.559,39.855,33.565,1.207,1.069,38.02,1.246,231.157,3.762,249.879,arbres
Quartier 5,2017-02,97.097,60.458,28.524,9.184,1.069,50.401,1.605,255.02,3.564,282.237,arbres
Quartier 5,2017-03,124.991,80.969,26.649,18.441,1.069,52.8,1.62,286.843,3.543,310.855,arbres
Quartier 5,2017-04,134.797,90.72,23.35,21.797,1.069,55.063,1.645,306.806,3.543,338.085,arbres
Quartier 5,2017-05,157.577,112.442,16.789,29.415,1.069,69.724,1.302,294.192,3.543,358.273,arbres
Quartier 5,2017-06,153.424,109.515,16.831,28.146,1.069,72.728,1.381,280.902,4.0,378.403,arbres
Quartier 5,2017-07,148.355,95.22,27.803,26.401,1.069,73.109,1.118,254.055,4.0,379.115,arbres
Quartier 5,2017-08,134.713,78.629,35.277,21.875,1.069,79.675,1.173,226.605,4.0,339.725,arbres
Quartier 5,2017-09,147.687,89.537,33.076,26.143,1.069,81.041,0.95,255.182,4.0,270.565,arbres
Quartier 5,2017-10,133.883,80.515,32.946,21.491,1.069,73.098,0.958,266.349,4.0,267.008,arbres
Quartier 5,2017-11,89.083,54.11,29.531,6.511,1.069,60.341,1.001,234.208,3.541,297.121,arbres
Quartier 5,2017-12,70.558,47.526,23.784,0.316,1.069,41.436,1.367,221.144,3.53,326.015,arbres
Quartier 5,2018-01,69.78,50.047,20.735,0.067,1.069,40.916,1.453,233.674,3.489,350.061,arbres
Quartier 6,2017-01,68.564,35.773,34.932,-1.415,0.726,37.814,0.735,231.157,3.701,232.613,arbres
Quartier 6,2017-02,91.686,56.659,29.59,6.163,0.726,50.457,0.95,255.02,3.501,266.408,arbres
Quartier 6,2017-03,118.99,78.353,26.419,14.943,0.726,52.846,0.981,286.843,3.477,295.232,arbres
Quartier 6,2017-04,128.384,86.522,24.522,18.065,0.726,55.24,0.99,306.806,3.477,322.848,arbres
Quartier 6,2017-05,151.567,109.388,17.338,25.567,0.726,70.341,0.827,294.192,3.477,344.037,arbres
Quartier 6,2017-06,147.866,104.756,19.225,24.611,0.726,73.399,0.912,280.902,4.0,362.706,arbres
Quartier 6,2017-07,143.373,89.135,31.92,23.044,0.726,73.829,0.744,254.055,4.0,364.638,arbres
Quartier 6,2017-08,130.28,74.974,37.208,18.824,0.726,80.158,0.775,226.605,4.0,319.099,arbres
Quartier 6,2017-09,142.677,85.964,34.645,22.793,0.726,81.775,0.646,255.182,4.0,239.171,arbres
Quartier 6,2017-10,128.559,76.072,35.038,18.176,0.726,73.649,0.642,266.349,4.0,236.359,arbres
Quartier 6,2017-11,84.12,49.068,32.078,3.701,0.726,60.361,0.616,234.208,3.474,270.22,arbres
Quartier 6,2017-12,65.81,42.211,26.545,-2.22,0.726,41.419,0.806,221.144,3.46,302.012,arbres
Quartier 6,2018-01,64.757,43.859,24.158,-2.534,0.726,40.953,0.857,233.674,3.41,329.347,arbres
Quartier A,2017-01,68.93,48.636,19.285,1.18,0.171,36.933,1.085,231.157,3.706,114.006,arbres
Quartier A,2017-02,91.812,64.703,16.502,10.778,0.171,49.799,1.359,255.02,3.51,132.623,arbres
Quartier A,2017-03,118.896,79.015,18.071,21.98,0.171,52.353,1.373,286.843,3.49,150.668,arbres
Quartier A,2017-04,128.268,87.444,15.026,25.968,0.171,54.648,1.394,306.806,3.49,168.687,arbres
Quartier A,2017-05,151.065,104.046,11.722,35.469,0.171,69.82,1.174,294.192,3.49,182.039,arbres
Quartier A,2017-06,147.429,96.314,17.021,34.265,0.171,72.9,1.156,280.902,3.705,198.02,arbres
Quartier A,2017-07,142.851,85.501,25.27,32.251,0.171,73.329,0.973,254.055,3.705,196.039,arbres
Quartier A,2017-08,129.782,73.392,29.756,26.806,0.171,79.641,1.008,226.605,3.705,161.79,arbres
Quartier A,2017-09,142.17,86.152,24.165,32.023,0.171,81.302,0.861,255.182,3.705,112.516,arbres
Quartier A,2017-10,128.3,79.077,23.231,26.163,0.171,72.989,0.847,266.349,3.705,109.847,arbres
Quartier A,2017-11,84.219,58.419,18.363,7.608,0.171,59.385,0.889,234.208,3.488,124.806,arbres
Quartier A,2017-12,66.078,50.721,15.5,0.028,0.171,40.627,1.167,221.144,3.479,143.142,arbres
Quartier A,2018-01,65.058,50.908,14.717,-0.397,0.171,40.28,1.22,233.674,3.444,159.417,arbres
Quartier SC2,2017-01,73.015,32.85,41.402,-0.07,1.167,38.171,0.905,231.157,3.699,316.039,arbres
Quartier SC2,2017-02,96.716,57.688,33.14,7.054,1.167,50.589,1.099,255.02,3.5,355.142,arbres
Quartier SC2,2017-03,124.749,78.516,32.131,15.268,1.167,53.031,0.921,286.843,3.475,388.721,arbres
Quartier SC2,2017-04,134.551,88.847,28.599,18.271,1.167,55.343,0.932,306.806,3.475,421.784,arbres
Quartier SC2,2017-05,157.65,113.016,20.732,25.068,1.167,70.147,0.755,294.192,3.475,446.84,arbres
Quartier SC2,2017-06,155.803,104.671,27.044,25.254,1.167,73.481,1.029,280.902,3.998,477.54,arbres
Quartier SC2,2017-07,150.613,91.417,36.713,23.65,1.167,73.969,0.826,254.055,3.998,479.486,arbres
Quartier SC2,2017-08,136.753,74.548,43.842,19.53,1.167,80.446,0.861,226.605,3.998,434.627,arbres
Quartier SC2,2017-09,149.94,84.834,42.882,23.39,1.167,81.799,0.708,255.182,3.998,354.499,arbres
Quartier SC2,2017-10,136.011,73.206,44.752,19.219,1.167,73.719,0.717,266.349,3.998,350.481,arbres
Quartier SC2,2017-11,88.746,49.833,35.375,4.705,1.167,60.648,0.568,234.208,3.473,380.177,arbres
Quartier SC2,2017-12,70.101,43.818,28.23,-0.78,1.167,41.624,0.762,221.144,3.459,414.687,arbres
Quartier SC2,2018-01,69.282,47.547,23.894,-0.991,1.167,41.052,0.833,233.674,3.409,442.927,arbres
Servitude climatique 1,2017-01,71.675,31.73,41.248,-1.131,0.172,38.637,0.746,231.157,3.512,304.786,arbres
Servitude climatique 1,2017-02,95.266,54.721,34.991,5.726,0.172,50.908,0.962,255.02,3.324,344.599,arbres
Servitude climatique 1,2017-03,123.139,74.254,35.429,13.628,0.172,53.311,0.987,286.843,3.3,381.062,arbres
Servitude climatique 1,2017-04,132.829,85.46,31.049,16.493,0.172,55.598,0.998,306.806,3.3,417.378,arbres
Servitude climatique 1,2017-05,156.031,111.23,21.82,23.153,0.172,70.135,0.811,294.192,3.3,444.156,arbres
Servitude climatique 1,2017-06,160.058,86.505,45.733,27.992,0.172,74.856,0.86,280.902,3.834,478.613,arbres
Servitude climatique 1,2017-07,154.482,76.776,51.638,26.241,0.172,75.401,0.694,254.055,3.834,480.903,arbres
Servitude climatique 1,2017-08,140.21,62.391,56.164,21.827,0.172,81.602,0.734,226.605,3.834,434.689,arbres
Servitude climatique 1,2017-09,153.824,72.329,55.681,25.986,0.172,82.484,0.62,255.182,3.834,352.049,arbres
Servitude climatique 1,2017-10,140.021,58.748,59.686,21.76,0.172,75.124,0.612,266.349,3.834,346.706,arbres
Servitude climatique 1,2017-11,87.417,49.008,35.08,3.501,0.172,60.945,0.619,234.208,3.297,372.214,arbres
Servitude climatique 1,2017-12,68.833,42.788,28.027,-1.809,0.172,41.923,0.822,221.144,3.283,406.48,arbres
Servitude climatique 1,2018-01,67.946,46.409,23.756,-2.047,0.172,41.315,0.91,233.674,3.232,434.332,arbres
Quartier 1,2017-01,58.81,59.773,5.232,-4.156,2.039,36.345,3.005,231.157,0.0,15.489,sans_arbres
Quartier 1,2017-02,80.441,72.507,4.361,5.611,2.039,49.778,3.753,255.02,0.0,20.424,sans_arbres
Quartier 1,2017-03,105.924,85.535,5.438,16.99,2.039,52.059,3.759,286.843,0.0,25.468,sans_arbres
Quartier 1,2017-04,114.382,90.085,5.459,20.878,2.039,54.701,3.781,306.806,0.0,31.477,sans_arbres
Quartier 1,2017-05,137.446,103.733,4.599,31.153,2.039,69.743,2.926,294.192,0.0,36.332,sans_arbres
Quartier 1,2017-06,133.754,97.998,8.114,29.681,2.039,72.825,2.742,280.902,0.0,39.889,sans_arbres
Quartier 1,2017-07,130.382,91.696,12.706,28.018,2.039,72.64,2.207,254.055,0.0,26.637,sans_arbres
Quartier 1,2017-08,118.636,81.04,16.919,22.715,2.039,79.042,2.29,226.605,0.0,5.783,sans_arbres
Quartier 1,2017-09,129.659,93.833,10.096,27.769,2.039,80.61,1.867,255.182,0.0,2.276,sans_arbres
Quartier 1,2017-10,115.455,87.886,8.238,21.369,2.039,72.102,1.945,266.349,0.0,4.076,sans_arbres
Quartier 1,2017-11,73.766,67.855,5.394,2.555,2.039,58.282,2.337,234.208,0.0,9.899,sans_arbres
Quartier 1,2017-12,56.345,58.821,4.827,-5.264,2.039,40.287,3.218,221.144,0.0,15.422,sans_arbres
Quartier 1,2018-01,54.795,58.145,4.646,-5.958,2.039,40.048,3.374,233.674,0.0,20.583,sans_arbres
Quartier 2,2017-01,60.614,60.215,5.24,-2.731,2.11,36.195,3.261,231.157,0.0,16.604,sans_arbres
Quartier 2,2017-02,82.426,72.8,4.363,7.372,2.11,49.671,4.077,255.02,0.0,21.546,sans_arbres
Quartier 2,2017-03,108.152,85.669,5.438,19.155,2.11,51.865,4.091,286.843,0.0,26.589,sans_arbres
Quartier 2,2017-04,116.765,90.203,5.457,23.214,2.11,54.527,4.115,306.806,0.0,32.596,sans_arbres
Quartier 2,2017-05,139.722,103.549,4.593,33.691,2.11,69.538,3.161,294.192,0.0,37.449,sans_arbres
Quartier 2,2017-06,136.281,97.002,8.96,32.429,2.11,72.676,2.96,280.902,0.0,40.911,sans_arbres
Quartier 2,2017-07,132.665,90.616,13.559,30.6,2.11,72.483,2.39,254.055,0.0,28.702,sans_arbres
Quartier 2,2017-08,120.672,80.026,17.727,25.028,2.11,78.903,2.484,226.605,0.0,8.164,sans_arbres
Quartier 2,2017-09,131.953,92.849,10.865,30.348,2.11,80.369,2.003,255.182,0.0,3.457,sans_arbres
Quartier 2,2017-10,117.853,87.108,9.032,23.822,2.11,71.884,2.086,266.349,0.0,4.952,sans_arbres
Quartier 2,2017-11,75.589,68.143,5.401,4.155,2.11,57.996,2.516,234.208,0.0,10.781,sans_arbres
Quartier 2,2017-12,58.071,59.249,4.834,-3.904,2.11,40.137,3.492,221.144,0.0,16.312,sans_arbres
Quartier 2,2018-01,56.619,58.64,4.654,-4.566,2.11,39.91,3.668,233.674,0.0,21.483,sans_arbres
Quartier 3,2017-01,57.364,61.702,5.275,-5.258,4.355,36.266,2.552,231.157,0.0,15.044,sans_arbres
Quartier 3,2017-02,78.847,74.559,4.415,4.228,4.355,49.695,3.207,255.02,0.0,20.03,sans_arbres
Quartier 3,2017-03,104.134,87.736,5.472,15.281,4.355,52.053,3.171,286.843,0.0,25.116,sans_arbres
Quartier 3,2017-04,112.467,92.288,5.514,19.02,4.355,54.628,3.252,306.806,0.0,31.171,sans_arbres
Quartier 3,2017-05,135.613,106.199,4.625,29.143,4.355,69.75,2.671,294.192,0.0,36.075,sans_arbres
Quartier 3,2017-06,131.686,101.348,7.164,27.528,4.355,72.787,2.531,280.902,0.0,39.608,sans_arbres
Quartier 3,2017-07,128.511,95.011,11.866,25.989,4.355,72.666,2.129,254.055,0.0,25.621,sans_arbres
Quartier 3,2017-08,116.967,84.161,16.269,20.892,4.355,79.058,2.245,226.605,0.0,4.585,sans_arbres
Quartier 3,2017-09,127.781,97.058,9.341,25.735,4.355,80.68,1.836,255.182,0.0,1.669,sans_arbres
Quartier 3,2017-10,113.493,91.054,7.34,19.454,4.355,72.094,1.811,266.349,0.0,3.618,sans_arbres
Quartier 3,2017-11,72.302,69.909,5.43,1.318,4.355,58.293,2.04,234.208,0.0,9.459,sans_arbres
Quartier 3,2017-12,54.962,60.753,4.878,-6.315,4.355,40.182,2.737,221.144,0.0,15.031,sans_arbres
Quartier 3,2018-01,53.332,60.023,4.694,-7.03,4.355,39.938,2.843,233.674,0.0,20.245,sans_arbres
Quartier 4,2017-01,55.811,58.777,5.225,-6.395,1.796,36.511,3.205,231.157,0.0,14.456,sans_arbres
Quartier 4,2017-02,77.131,71.803,4.341,2.783,1.796,49.99,3.981,255.02,0.0,19.373,sans_arbres
Quartier 4,2017-03,102.202,85.092,5.461,13.444,1.796,52.192,4.009,286.843,0.0,24.423,sans_arbres
Quartier 4,2017-04,110.4,89.697,5.458,17.041,1.796,54.926,4.005,306.806,0.0,30.448,sans_arbres
Quartier 4,2017-05,133.628,103.9,4.653,26.871,1.796,69.84,3.043,294.192,0.0,35.319,sans_arbres
Quartier 4,2017-06,129.572,99.766,6.409,25.192,1.796,72.853,2.843,280.902,0.0,38.918,sans_arbres
Quartier 4,2017-07,126.598,93.522,11.093,23.778,1.796,72.492,2.27,254.055,0.0,24.034,sans_arbres
Quartier 4,2017-08,115.26,82.786,15.359,18.911,1.796,78.896,2.337,226.605,0.0,3.368,sans_arbres
Quartier 4,2017-09,125.859,95.453,8.682,23.519,1.796,80.454,1.909,255.182,0.0,1.185,sans_arbres
Quartier 4,2017-10,111.49,89.158,6.746,17.381,1.796,72.099,2.018,266.349,0.0,3.322,sans_arbres
Quartier 4,2017-11,70.726,67.133,5.417,-0.028,1.796,58.407,2.479,234.208,0.0,9.18,sans_arbres
Quartier 4,2017-12,53.475,57.857,4.806,-7.393,1.796,40.493,3.425,221.144,0.0,14.701,sans_arbres
Quartier 4,2018-01,51.762,57.058,4.625,-8.125,1.796,40.271,3.604,233.674,0.0,19.841,sans_arbres
Quartier 5,2017-01,60.354,59.358,5.208,-3.143,1.069,36.483,2.987,231.157,0.0,15.56,sans_arbres
Quartier 5,2017-02,82.13,72.036,4.337,6.826,1.069,49.918,3.741,255.02,0.0,20.471,sans_arbres
Quartier 5,2017-03,107.811,85.018,5.414,18.448,1.069,52.249,3.769,286.843,0.0,25.489,sans_arbres
Quartier 5,2017-04,116.399,89.586,5.43,22.452,1.069,54.902,3.751,306.806,0.0,31.47,sans_arbres
Quartier 5,2017-05,139.356,103.042,4.566,32.818,1.069,70.029,2.816,294.192,0.0,36.295,sans_arbres
Quartier 5,2017-06,134.867,99.307,5.86,30.77,1.069,73.025,2.619,280.902,0.0,40.005,sans_arbres
Quartier 5,2017-07,131.379,92.667,10.754,29.027,1.069,72.811,2.05,254.055,0.0,27.55,sans_arbres
Quartier 5,2017-08,119.523,81.622,15.331,23.638,1.069,79.234,2.112,226.605,0.0,6.512,sans_arbres
Quartier 5,2017-09,130.662,94.637,8.319,28.776,1.069,80.849,1.698,255.182,0.0,2.324,sans_arbres
Quartier 5,2017-10,116.522,89.078,6.17,22.343,1.069,72.3,1.831,266.349,0.0,3.98,sans_arbres
Quartier 5,2017-11,75.317,67.36,5.365,3.661,1.069,58.504,2.282,234.208,0.0,9.759,sans_arbres
Quartier 5,2017-12,57.821,58.384,4.801,-4.295,1.069,40.439,3.201,221.144,0.0,15.254,sans_arbres
Quartier 5,2018-01,56.359,57.769,4.623,-4.964,1.069,40.19,3.371,233.674,0.0,20.389,sans_arbres
Quartier 6,2017-01,54.668,56.721,5.376,-6.703,0.726,35.969,4.2,231.157,0.0,15.49,sans_arbres
Quartier 6,2017-02,75.928,69.54,4.447,2.666,0.726,49.513,5.172,255.02,0.0,20.537,sans_arbres
Quartier 6,2017-03,100.904,82.394,5.637,13.599,0.726,51.336,5.18,286.843,0.0,25.746,sans_arbres
Quartier 6,2017-04,109.017,86.912,5.613,17.217,0.726,54.141,5.256,306.806,0.0,31.956,sans_arbres
Quartier 6,2017-05,132.403,100.841,4.94,27.348,0.726,68.293,4.171,294.192,0.0,37.03,sans_arbres
Quartier 6,2017-06,128.773,95.865,7.752,25.881,0.726,71.323,3.991,280.902,0.0,40.849,sans_arbres
Quartier 6,2017-07,125.91,90.041,12.069,24.525,0.726,70.805,3.406,254.055,0.0,25.454,sans_arbres
Quartier 6,2017-08,114.656,79.951,15.892,19.538,0.726,77.23,3.536,226.605,0.0,4.107,sans_arbres
Quartier 6,2017-09,125.163,91.947,9.703,24.24,0.726,78.297,2.971,255.182,0.0,1.785,sans_arbres
Quartier 6,2017-10,110.69,85.46,8.058,17.898,0.726,70.407,2.925,266.349,0.0,3.996,sans_arbres
Quartier 6,2017-11,69.621,64.871,5.641,-0.165,0.726,57.183,3.339,234.208,0.0,10.125,sans_arbres
Quartier 6,2017-12,52.383,55.884,4.942,-7.717,0.726,39.943,4.467,221.144,0.0,15.83,sans_arbres
Quartier 6,2018-01,50.591,55.041,4.752,-8.477,0.726,39.81,4.683,233.674,0.0,21.115,sans_arbres
Quartier A,2017-01,62.18,58.393,5.252,-1.295,0.171,36.184,2.629,231.157,0.0,17.639,sans_arbres
Quartier A,2017-02,84.166,70.734,4.383,9.22,0.171,49.651,3.262,255.02,0.0,22.601,sans_arbres
Quartier A,2017-03,110.122,83.328,5.436,21.529,0.171,51.95,3.228,286.843,0.0,27.652,sans_arbres
Quartier A,2017-04,118.873,87.796,5.471,25.777,0.171,54.514,3.308,306.806,0.0,33.663,sans_arbres
Quartier A,2017-05,141.767,100.734,4.603,36.601,0.171,69.583,2.704,294.192,0.0,38.532,sans_arbres
Quartier A,2017-06,139.763,90.193,13.441,36.299,0.171,72.972,2.566,280.902,0.0,42.029,sans_arbres
Quartier A,2017-07,135.825,84.204,17.516,34.276,0.171,72.964,2.144,254.055,0.0,30.619,sans_arbres
Quartier A,2017-08,123.493,74.36,20.997,28.306,0.171,79.286,2.253,226.605,0.0,10.409,sans_arbres
Quartier A,2017-09,135.126,86.792,14.478,34.027,0.171,80.871,1.886,255.182,0.0,4.619,sans_arbres
Quartier A,2017-10,121.142,80.909,13.126,27.278,0.171,72.275,1.873,266.349,0.0,5.816,sans_arbres
Quartier A,2017-11,77.187,66.108,5.397,5.853,0.171,58.172,2.102,234.208,0.0,11.657,sans_arbres
Quartier A,2017-12,59.568,57.431,4.855,-2.547,0.171,40.105,2.81,221.144,0.0,17.198,sans_arbres
Quartier A,2018-01,58.198,56.877,4.676,-3.184,0.171,39.852,2.923,233.674,0.0,22.391,sans_arbres
Quartier SC2,2017-01,53.17,56.999,5.324,-7.987,1.167,36.01,4.136,231.157,0.0,14.342,sans_arbres
Quartier SC2,2017-02,74.269,69.987,4.411,1.038,1.167,49.531,5.103,255.02,0.0,19.343,sans_arbres
Quartier SC2,2017-03,99.034,83.078,5.586,11.536,1.167,51.348,5.122,286.843,0.0,24.505,sans_arbres
Quartier SC2,2017-04,107.015,87.626,5.566,14.99,1.167,54.175,5.186,306.806,0.0,30.66,sans_arbres
Quartier SC2,2017-05,130.474,101.904,4.862,24.875,1.167,68.401,4.114,294.192,0.0,35.675,sans_arbres
Quartier SC2,2017-06,129.385,90.088,15.065,25.399,1.167,71.737,3.923,280.902,0.0,38.655,sans_arbres
Quartier SC2,2017-07,126.466,84.988,18.595,24.049,1.167,71.274,3.325,254.055,0.0,22.521,sans_arbres
Quartier SC2,2017-08,115.151,75.866,21.341,19.11,1.167,77.642,3.462,226.605,0.0,2.106,sans_arbres
Quartier SC2,2017-09,125.721,87.537,15.563,23.787,1.167,78.767,2.895,255.182,0.0,0.778,sans_arbres
Quartier SC2,2017-10,111.269,80.172,14.753,17.51,1.167,70.848,2.859,266.349,0.0,3.135,sans_arbres
Quartier SC2,2017-11,68.098,65.34,5.572,-1.647,1.167,57.253,3.288,234.208,0.0,9.266,sans_arbres
Quartier SC2,2017-12,50.949,56.155,4.894,-8.933,1.167,39.991,4.401,221.144,0.0,14.91,sans_arbres
Quartier SC2,2018-01,49.078,55.259,4.706,-9.721,1.167,39.844,4.614,233.674,0.0,20.144,sans_arbres
Servitude climatique 1,2017-01,49.392,54.607,5.426,-10.468,0.172,36.204,4.399,231.157,0.0,14.407,sans_arbres
Servitude climatique 1,2017-02,70.104,67.943,4.484,-2.15,0.172,49.811,5.379,255.02,0.0,19.491,sans_arbres
Servitude climatique 1,2017-03,94.352,81.241,5.74,7.543,0.172,51.53,5.407,286.843,0.0,24.783,sans_arbres
Servitude climatique 1,2017-04,102.008,85.845,5.696,10.64,0.172,54.429,5.483,306.806,0.0,31.1,sans_arbres
Servitude climatique 1,2017-05,125.678,100.717,5.127,20.006,0.172,68.227,4.341,294.192,0.0,36.294,sans_arbres
Servitude climatique 1,2017-06,137.854,59.09,47.858,31.079,0.172,74.357,4.102,280.902,0.0,35.965,sans_arbres
Servitude climatique 1,2017-07,134.153,56.223,48.771,29.331,0.172,74.044,3.48,254.055,0.0,19.119,sans_arbres
Servitude climatique 1,2017-08,122.015,52.2,46.191,23.796,0.172,79.703,3.665,226.605,0.0,1.116,sans_arbres
Servitude climatique 1,2017-09,133.439,61.23,43.307,29.074,0.172,80.753,3.145,255.182,0.0,0.555,sans_arbres
Servitude climatique 1,2017-10,119.266,50.633,46.059,22.746,0.172,73.362,3.058,266.349,0.0,2.825,sans_arbres
Servitude climatique 1,2017-11,64.273,63.228,5.748,-4.531,0.172,57.345,3.5,234.208,0.0,9.573,sans_arbres
Servitude climatique 1,2017-12,47.335,53.834,4.976,-11.302,0.172,40.212,4.666,221.144,0.0,15.347,sans_arbres
Servitude climatique 1,2018-01,45.258,52.759,4.781,-12.11,0.172,40.137,4.902,233.674,0.0,20.666,sans_arbres
Quartier 1,2017-01,12.381,-16.091,23.649,4.823,0.0,1.199,-1.745,0.0,3.539,191.156,difference_arbres_moins_sans
Quartier 1,2017-02,14.02,-9.23,19.782,3.469,0.0,0.361,-2.13,0.0,3.35,213.967,difference_arbres_moins_sans
Quartier 1,2017-03,16.075,-4.28,18.491,1.863,0.0,0.542,-2.132,0.0,3.327,233.763,difference_arbres_moins_sans
Quartier 1,2017-04,17.212,0.358,15.363,1.491,0.0,0.201,-2.125,0.0,3.327,252.166,difference_arbres_moins_sans
Quartier 1,2017-05,17.007,6.965,10.638,-0.597,0.0,0.05,-1.614,0.0,3.327,265.492,difference_arbres_moins_sans
Quartier 1,2017-06,16.837,9.453,7.732,-0.348,0.0,-0.037,-1.375,0.0,3.779,280.933,difference_arbres_moins_sans
Quartier 1,2017-07,15.393,2.325,13.548,-0.48,0.0,0.503,-1.094,0.0,3.779,293.609,difference_arbres_moins_sans
Quartier 1,2017-08,13.771,-2.345,16.035,0.081,0.0,0.594,-1.123,0.0,3.779,276.521,difference_arbres_moins_sans
Quartier 1,2017-09,15.439,-3.525,19.44,-0.477,0.0,0.505,-0.924,0.0,3.779,218.623,difference_arbres_moins_sans
Quartier 1,2017-10,15.765,-5.873,20.738,0.901,0.0,0.906,-0.996,0.0,3.779,214.112,difference_arbres_moins_sans
Quartier 1,2017-11,12.898,-11.153,20.311,3.741,0.0,1.603,-1.333,0.0,3.325,232.761,difference_arbres_moins_sans
Quartier 1,2017-12,11.956,-9.103,16.072,4.987,0.0,0.786,-1.837,0.0,3.311,252.499,difference_arbres_moins_sans
Quartier 1,2018-01,12.614,-6.693,13.943,5.365,0.0,0.591,-1.911,0.0,3.264,268.639,difference_arbres_moins_sans
Quartier 2,2017-01,7.798,-13.429,18.747,2.48,0.0,1.064,-1.519,0.0,3.549,135.181,difference_arbres_moins_sans
Quartier 2,2017-02,8.848,-8.465,16.235,1.078,0.0,0.364,-1.855,0.0,3.363,153.392,difference_arbres_moins_sans
Quartier 2,2017-03,10.168,-5.419,16.18,-0.593,0.0,0.622,-1.857,0.0,3.345,170.553,difference_arbres_moins_sans
Quartier 2,2017-04,10.89,-1.186,13.131,-1.054,0.0,0.347,-1.852,0.0,3.345,186.274,difference_arbres_moins_sans
Quartier 2,2017-05,10.807,5.189,8.541,-2.925,0.0,0.328,-1.377,0.0,3.345,197.429,difference_arbres_moins_sans
Quartier 2,2017-06,10.075,6.741,6.357,-3.024,0.0,0.314,-1.196,0.0,3.692,208.555,difference_arbres_moins_sans
Quartier 2,2017-07,9.231,-0.534,12.743,-2.977,0.0,0.736,-0.952,0.0,3.692,219.71,difference_arbres_moins_sans
Quartier 2,2017-08,8.263,-3.027,13.556,-2.267,0.0,0.702,-0.972,0.0,3.692,201.776,difference_arbres_moins_sans
Quartier 2,2017-09,9.255,-3.805,16.028,-2.968,0.0,0.833,-0.784,0.0,3.692,145.151,difference_arbres_moins_sans
Quartier 2,2017-10,9.409,-5.764,16.925,-1.751,0.0,1.121,-0.859,0.0,3.692,141.429,difference_arbres_moins_sans
Quartier 2,2017-11,8.137,-10.441,17.144,1.434,0.0,1.593,-1.14,0.0,3.343,158.114,difference_arbres_moins_sans
Quartier 2,2017-12,7.517,-8.959,13.835,2.642,0.0,0.791,-1.603,0.0,3.335,174.893,difference_arbres_moins_sans
Quartier 2,2018-01,7.916,-7.926,12.93,2.913,0.0,0.651,-1.673,0.0,3.304,189.21,difference_arbres_moins_sans
Quartier 3,2017-01,21.661,-23.345,36.551,8.455,0.0,1.328,-0.773,0.0,3.541,346.803,difference_arbres_moins_sans
Quartier 3,2017-02,24.513,-12.056,30.065,6.502,0.0,0.441,-0.976,0.0,3.351,381.623,difference_arbres_moins_sans
Quartier 3,2017-03,28.082,-5.175,29.093,4.164,0.0,0.57,-1.026,0.0,3.326,412.285,difference_arbres_moins_sans
Quartier 3,2017-04,30.069,1.997,24.409,3.663,0.0,0.203,-1.06,0.0,3.326,441.495,difference_arbres_moins_sans
Quartier 3,2017-05,29.668,13.94,15.295,0.434,0.0,-0.096,-0.96,0.0,3.326,461.763,difference_arbres_moins_sans
Quartier 3,2017-06,30.61,19.778,9.326,1.507,0.0,-0.144,-0.791,0.0,4.0,482.531,difference_arbres_moins_sans
Quartier 3,2017-07,27.963,11.408,15.297,1.258,0.0,0.392,-0.738,0.0,4.0,495.439,difference_arbres_moins_sans
Quartier 3,2017-08,25.011,0.082,22.986,1.943,0.0,0.704,-0.793,0.0,4.0,476.056,difference_arbres_moins_sans
Quartier 3,2017-09,28.048,-2.767,29.582,1.235,0.0,0.409,-0.656,0.0,4.0,408.681,difference_arbres_moins_sans
Quartier 3,2017-10,28.689,-6.444,31.791,3.342,0.0,0.874,-0.601,0.0,4.0,404.016,difference_arbres_moins_sans
Quartier 3,2017-11,22.553,-12.01,27.708,6.855,0.0,1.593,-0.708,0.0,3.323,433.968,difference_arbres_moins_sans
Quartier 3,2017-12,20.926,-7.861,20.039,8.749,0.0,0.709,-0.889,0.0,3.307,459.858,difference_arbres_moins_sans
Quartier 3,2018-01,22.092,-2.65,15.408,9.333,0.0,0.452,-0.907,0.0,3.25,478.827,difference_arbres_moins_sans
Quartier 4,2017-01,13.584,-18.212,26.273,5.523,0.0,1.192,-1.477,0.0,3.645,198.911,difference_arbres_moins_sans
Quartier 4,2017-02,15.341,-10.665,21.795,4.211,0.0,0.333,-1.789,0.0,3.453,224.327,difference_arbres_moins_sans
Quartier 4,2017-03,17.565,-2.545,17.427,2.684,0.0,0.405,-1.795,0.0,3.433,244.319,difference_arbres_moins_sans
Quartier 4,2017-04,18.809,1.465,14.997,2.347,0.0,0.101,-1.76,0.0,3.433,261.749,difference_arbres_moins_sans
Quartier 4,2017-05,18.559,6.926,11.406,0.227,0.0,0.073,-1.27,0.0,3.433,275.38,difference_arbres_moins_sans
Quartier 4,2017-06,18.201,5.867,11.706,0.629,0.0,0.099,-1.033,0.0,3.801,286.311,difference_arbres_moins_sans
Quartier 4,2017-07,16.634,-2.3,18.517,0.417,0.0,0.705,-0.791,0.0,3.801,302.281,difference_arbres_moins_sans
Quartier 4,2017-08,14.88,-5.565,19.546,0.899,0.0,0.723,-0.785,0.0,3.801,283.49,difference_arbres_moins_sans
Quartier 4,2017-09,16.684,-7.064,23.339,0.41,0.0,0.609,-0.648,0.0,3.801,216.413,difference_arbres_moins_sans
Quartier 4,2017-10,17.051,-10.024,25.296,1.78,0.0,0.985,-0.752,0.0,3.801,211.03,difference_arbres_moins_sans
Quartier 4,2017-11,14.105,-14.065,23.736,4.434,0.0,1.557,-1.106,0.0,3.431,238.63,difference_arbres_moins_sans
Quartier 4,2017-12,13.08,-11.866,19.297,5.65,0.0,0.784,-1.559,0.0,3.422,261.97,difference_arbres_moins_sans
Quartier 4,2018-01,13.782,-9.662,17.382,6.062,0.0,0.566,-1.626,0.0,3.387,281.772,difference_arbres_moins_sans
Quartier 5,2017-01,13.205,-19.503,28.357,4.35,0.0,1.537,-1.741,0.0,3.762,234.319,difference_arbres_moins_sans
Quartier 5,2017-02,14.967,-11.578,24.187,2.358,0.0,0.483,-2.136,0.0,3.564,261.766,difference_arbres_moins_sans
Quartier 5,2017-03,17.18,-4.049,21.235,-0.007,0.0,0.551,-2.149,0.0,3.543,285.366,difference_arbres_moins_sans
Quartier 5,2017-04,18.398,1.134,17.92,-0.655,0.0,0.161,-2.106,0.0,3.543,306.615,difference_arbres_moins_sans
Quartier 5,2017-05,18.221,9.4,12.223,-3.403,0.0,-0.305,-1.514,0.0,3.543,321.978,difference_arbres_moins_sans
Quartier 5,2017-06,18.557,10.208,10.971,-2.624,0.0,-0.297,-1.238,0.0,4.0,338.398,difference_arbres_moins_sans
Quartier 5,2017-07,16.976,2.553,17.049,-2.626,0.0,0.298,-0.932,0.0,4.0,351.565,difference_arbres_moins_sans
Quartier 5,2017-08,15.19,-2.993,19.946,-1.763,0.0,0.441,-0.939,0.0,4.0,333.213,difference_arbres_moins_sans
Quartier 5,2017-09,17.025,-5.1,24.757,-2.633,0.0,0.192,-0.748,0.0,4.0,268.241,difference_arbres_moins_sans
Quartier 5,2017-10,17.361,-8.563,26.776,-0.852,0.0,0.798,-0.873,0.0,4.0,263.028,difference_arbres_moins_sans
Quartier 5,2017-11,13.766,-13.25,24.166,2.85,0.0,1.837,-1.281,0.0,3.541,287.362,difference_arbres_moins_sans
Quartier 5,2017-12,12.737,-10.858,18.983,4.611,0.0,0.997,-1.834,0.0,3.53,310.761,difference_arbres_moins_sans
Quartier 5,2018-01,13.421,-7.722,16.112,5.031,0.0,0.726,-1.918,0.0,3.489,329.672,difference_arbres_moins_sans
Quartier 6,2017-01,13.896,-20.948,29.556,5.288,0.0,1.845,-3.465,0.0,3.701,217.123,difference_arbres_moins_sans
Quartier 6,2017-02,15.758,-12.881,25.143,3.497,0.0,0.944,-4.222,0.0,3.501,245.871,difference_arbres_moins_sans
Quartier 6,2017-03,18.086,-4.041,20.782,1.344,0.0,1.51,-4.199,0.0,3.477,269.486,difference_arbres_moins_sans
Quartier 6,2017-04,19.367,-0.39,18.909,0.848,0.0,1.099,-4.266,0.0,3.477,290.892,difference_arbres_moins_sans
Quartier 6,2017-05,19.164,8.547,12.398,-1.781,0.0,2.048,-3.344,0.0,3.477,307.007,difference_arbres_moins_sans
Quartier 6,2017-06,19.093,8.891,11.473,-1.27,0.0,2.076,-3.079,0.0,4.0,321.857,difference_arbres_moins_sans
Quartier 6,2017-07,17.463,-0.906,19.851,-1.481,0.0,3.024,-2.662,0.0,4.0,339.184,difference_arbres_moins_sans
Quartier 6,2017-08,15.624,-4.977,21.316,-0.714,0.0,2.928,-2.761,0.0,4.0,314.992,difference_arbres_moins_sans
Quartier 6,2017-09,17.514,-5.983,24.942,-1.447,0.0,3.478,-2.325,0.0,4.0,237.386,difference_arbres_moins_sans
Quartier 6,2017-10,17.869,-9.388,26.98,0.278,0.0,3.242,-2.283,0.0,4.0,232.363,difference_arbres_moins_sans
Quartier 6,2017-11,14.499,-15.803,26.437,3.866,0.0,3.178,-2.723,0.0,3.474,260.095,difference_arbres_moins_sans
Quartier 6,2017-12,13.427,-13.673,21.603,5.497,0.0,1.476,-3.661,0.0,3.46,286.182,difference_arbres_moins_sans
Quartier 6,2018-01,14.166,-11.182,19.406,5.943,0.0,1.143,-3.826,0.0,3.41,308.232,difference_arbres_moins_sans
Quartier A,2017-01,6.75,-9.757,14.033,2.475,0.0,0.749,-1.544,0.0,3.706,96.367,difference_arbres_moins_sans
Quartier A,2017-02,7.646,-6.031,12.119,1.558,0.0,0.148,-1.903,0.0,3.51,110.022,difference_arbres_moins_sans
Quartier A,2017-03,8.774,-4.313,12.635,0.451,0.0,0.403,-1.855,0.0,3.49,123.016,difference_arbres_moins_sans
Quartier A,2017-04,9.395,-0.352,9.555,0.191,0.0,0.134,-1.914,0.0,3.49,135.024,difference_arbres_moins_sans
Quartier A,2017-05,9.298,3.312,7.119,-1.132,0.0,0.237,-1.53,0.0,3.49,143.507,difference_arbres_moins_sans
Quartier A,2017-06,7.666,6.121,3.58,-2.034,0.0,-0.072,-1.41,0.0,3.705,155.991,difference_arbres_moins_sans
Quartier A,2017-07,7.026,1.297,7.754,-2.025,0.0,0.365,-1.171,0.0,3.705,165.42,difference_arbres_moins_sans
Quartier A,2017-08,6.289,-0.968,8.759,-1.5,0.0,0.355,-1.245,0.0,3.705,151.381,difference_arbres_moins_sans
Quartier A,2017-09,7.044,-0.64,9.687,-2.004,0.0,0.431,-1.025,0.0,3.705,107.897,difference_arbres_moins_sans
Quartier A,2017-10,7.158,-1.832,10.105,-1.115,0.0,0.714,-1.026,0.0,3.705,104.031,difference_arbres_moins_sans
Quartier A,2017-11,7.032,-7.689,12.966,1.755,0.0,1.213,-1.213,0.0,3.488,113.149,difference_arbres_moins_sans
Quartier A,2017-12,6.51,-6.71,10.645,2.575,0.0,0.522,-1.643,0.0,3.479,125.944,difference_arbres_moins_sans
Quartier A,2018-01,6.86,-5.969,10.041,2.787,0.0,0.428,-1.703,0.0,3.444,137.026,difference_arbres_moins_sans
Quartier SC2,2017-01,19.845,-24.149,36.078,7.917,0.0,2.161,-3.231,0.0,3.699,301.697,difference_arbres_moins_sans
Quartier SC2,2017-02,22.447,-12.299,28.729,6.016,0.0,1.058,-4.004,0.0,3.5,335.799,difference_arbres_moins_sans
Quartier SC2,2017-03,25.715,-4.562,26.545,3.732,0.0,1.683,-4.201,0.0,3.475,364.216,difference_arbres_moins_sans
Quartier SC2,2017-04,27.536,1.221,23.033,3.281,0.0,1.168,-4.254,0.0,3.475,391.124,difference_arbres_moins_sans
Quartier SC2,2017-05,27.176,11.112,15.87,0.193,0.0,1.746,-3.359,0.0,3.475,411.165,difference_arbres_moins_sans
Quartier SC2,2017-06,26.418,14.583,11.979,-0.145,0.0,1.744,-2.894,0.0,3.998,438.885,difference_arbres_moins_sans
Quartier SC2,2017-07,24.147,6.429,18.118,-0.399,0.0,2.695,-2.499,0.0,3.998,456.965,difference_arbres_moins_sans
Quartier SC2,2017-08,21.602,-1.318,22.501,0.42,0.0,2.804,-2.601,0.0,3.998,432.521,difference_arbres_moins_sans
Quartier SC2,2017-09,24.219,-2.703,27.319,-0.397,0.0,3.032,-2.187,0.0,3.998,353.721,difference_arbres_moins_sans
Quartier SC2,2017-10,24.742,-6.966,29.999,1.709,0.0,2.871,-2.142,0.0,3.998,347.346,difference_arbres_moins_sans
Quartier SC2,2017-11,20.648,-15.507,29.803,6.352,0.0,3.395,-2.72,0.0,3.473,370.911,difference_arbres_moins_sans
Quartier SC2,2017-12,19.152,-12.337,23.336,8.153,0.0,1.633,-3.639,0.0,3.459,399.777,difference_arbres_moins_sans
Quartier SC2,2018-01,20.204,-7.712,19.188,8.73,0.0,1.208,-3.781,0.0,3.409,422.783,difference_arbres_moins_sans
Servitude climatique 1,2017-01,22.283,-22.877,35.822,9.337,0.0,2.433,-3.653,0.0,3.512,290.379,difference_arbres_moins_sans
Servitude climatique 1,2017-02,25.162,-13.222,30.507,7.876,0.0,1.097,-4.417,0.0,3.324,325.108,difference_arbres_moins_sans
Servitude climatique 1,2017-03,28.787,-6.987,29.689,6.085,0.0,1.781,-4.42,0.0,3.3,356.279,difference_arbres_moins_sans
Servitude climatique 1,2017-04,30.821,-0.385,25.353,5.853,0.0,1.169,-4.485,0.0,3.3,386.278,difference_arbres_moins_sans
Servitude climatique 1,2017-05,30.353,10.513,16.693,3.147,0.0,1.908,-3.53,0.0,3.3,407.862,difference_arbres_moins_sans
Servitude climatique 1,2017-06,22.204,27.415,-2.125,-3.087,0.0,0.499,-3.242,0.0,3.834,442.648,difference_arbres_moins_sans
Servitude climatique 1,2017-07,20.329,20.553,2.867,-3.09,0.0,1.357,-2.786,0.0,3.834,461.784,difference_arbres_moins_sans
Servitude climatique 1,2017-08,18.195,10.191,9.973,-1.969,0.0,1.899,-2.931,0.0,3.834,433.573,difference_arbres_moins_sans
Servitude climatique 1,2017-09,20.385,11.099,12.374,-3.088,0.0,1.731,-2.525,0.0,3.834,351.494,difference_arbres_moins_sans
Servitude climatique 1,2017-10,20.755,8.115,13.627,-0.986,0.0,1.762,-2.446,0.0,3.834,343.881,difference_arbres_moins_sans
Servitude climatique 1,2017-11,23.144,-14.22,29.332,8.032,0.0,3.6,-2.881,0.0,3.297,362.641,difference_arbres_moins_sans
Servitude climatique 1,2017-12,21.498,-11.046,23.051,9.493,0.0,1.711,-3.844,0.0,3.283,391.133,difference_arbres_moins_sans
Servitude climatique 1,2018-01,22.688,-6.35,18.975,10.063,0.0,1.178,-3.992,0.0,3.232,413.666,difference_arbres_moins_sans
