date,hours,tmax,tmin,tmean,rh_mean,rh_min,wind_mean,kdown_sum,toa_sum,rain,daytime_rain,kt,kdown_mj,rain_prev72h,case,rank
2017-04-01,24,42.62,19.84,28.219,55.62,14.97,2.057,7305.58,10354.017,0.0,0.0,0.706,26.3,0.0,chaud_saison_seche,1
2017-04-14,24,42.22,23.5,31.758,27.095,9.57,2.937,7651.86,10538.705,0.0,0.0,0.726,27.547,0.0,chaud_saison_seche,2
2017-04-15,24,42.19,20.97,31.125,30.237,8.6,2.294,7670.59,10548.706,0.0,0.0,0.727,27.614,0.0,chaud_saison_seche,3
2017-04-13,24,42.14,22.57,31.417,28.587,7.04,2.565,7464.49,10528.129,0.0,0.0,0.709,26.872,0.0,chaud_saison_seche,4
2023-04-01,24,41.61,21.0,30.057,39.351,10.52,1.875,7506.78,10354.017,0.0,0.0,0.725,27.024,0.0,chaud_saison_seche,5
2024-04-18,24,41.26,23.59,31.115,35.941,15.5,3.109,7621.06,10583.149,0.0,0.0,0.72,27.436,0.0,chaud_saison_seche,6
2020-04-07,24,41.16,19.78,28.415,47.893,15.58,3.323,7501.65,10466.364,0.0,0.0,0.717,27.006,0.0,chaud_saison_seche,7
2024-04-15,24,41.13,20.84,29.494,51.093,11.2,2.023,7563.62,10558.142,0.0,0.0,0.716,27.229,0.0,chaud_saison_seche,8
2020-04-08,24,41.12,20.85,28.813,43.339,13.84,3.047,7521.99,10479.925,0.0,0.0,0.718,27.079,0.0,chaud_saison_seche,9
2024-04-17,24,41.07,23.96,30.708,33.517,13.18,2.899,7625.96,10575.353,0.0,0.0,0.721,27.453,0.0,chaud_saison_seche,10
2017-09-21,24,35.04,25.97,29.209,79.689,51.96,1.64,7181.08,10099.972,0.0,0.0,0.711,25.852,39.54,saison_pluies,1
2017-09-22,24,31.97,24.31,27.679,78.527,55.94,2.076,7106.13,10078.009,0.0,0.0,0.705,25.582,35.93,saison_pluies,2
2023-08-09,24,31.37,23.55,27.322,75.431,58.8,1.699,7298.04,10552.651,0.0,0.0,0.692,26.273,3.34,saison_pluies,3
2016-09-05,24,34.51,26.79,30.064,82.668,62.72,1.738,7157.55,10360.728,0.0,0.0,0.691,25.767,19.56,saison_pluies,4
2021-08-11,24,31.69,25.27,27.941,79.808,57.52,2.611,7270.7,10544.138,0.0,0.0,0.69,26.175,2.38,saison_pluies,5
2018-09-27,24,31.9,24.97,27.853,83.172,63.8,1.943,6857.67,9959.959,0.0,0.0,0.689,24.688,18.77,saison_pluies,6
2019-08-01,24,32.95,23.99,27.68,69.964,41.68,2.064,7266.44,10574.576,0.0,0.0,0.687,26.159,1.75,saison_pluies,7
2022-09-15,24,32.12,26.17,28.785,85.143,69.74,1.772,7001.87,10219.795,0.0,0.0,0.685,25.207,16.66,saison_pluies,8
2023-09-27,24,32.51,25.23,28.532,85.544,67.96,1.788,6812.06,9959.959,0.0,0.0,0.684,24.523,1.26,saison_pluies,9
2015-09-19,24,31.91,25.31,28.472,82.628,66.27,1.706,6912.27,10142.204,0.0,0.0,0.682,24.884,11.11,saison_pluies,10
2018-01-17,24,27.05,14.71,19.455,43.04,22.88,3.952,5874.35,8219.332,0.0,0.0,0.715,21.148,0.0,frais_saison_seche,1
2017-12-14,24,28.62,15.74,21.391,44.79,21.17,3.073,5613.96,7895.51,0.0,0.0,0.711,20.21,0.0,frais_saison_seche,2
2018-01-16,24,29.01,16.24,20.959,45.742,25.08,4.02,5824.58,8196.782,0.0,0.0,0.711,20.968,0.0,frais_saison_seche,3
2017-12-13,24,29.06,16.08,21.804,63.868,29.83,3.23,5619.37,7903.392,0.0,0.0,0.711,20.23,0.0,frais_saison_seche,4
2019-01-19,24,29.09,16.44,21.921,32.933,19.32,3.697,5775.88,8266.319,0.0,0.0,0.699,20.793,0.0,frais_saison_seche,5
2018-01-18,24,29.23,14.34,20.282,40.909,19.49,3.602,5918.79,8242.517,0.0,0.0,0.718,21.308,0.0,frais_saison_seche,6
2020-01-06,24,29.33,15.89,21.758,29.793,16.11,3.363,5674.38,8009.563,0.0,0.0,0.708,20.428,0.0,frais_saison_seche,7
2023-12-21,24,29.38,17.19,21.976,27.476,15.69,3.152,5580.92,7875.724,0.0,0.0,0.709,20.091,0.0,frais_saison_seche,8
2018-01-28,24,29.51,15.64,21.191,48.133,20.89,3.478,5951.74,8505.317,0.0,0.0,0.7,21.426,0.0,frais_saison_seche,9
2017-12-12,24,29.65,17.14,22.213,62.831,26.57,2.685,5601.16,7912.159,0.0,0.0,0.708,20.164,0.0,frais_saison_seche,10
