"product_id","product_label","construction_category_id","sale_price_cfa_sqm","construction_cost_mode","construction_cost_override_cfa_sqm","land_charge_method","land_charge_factor","manual_land_charge_cfa_sqm","sdp_per_unit","land_area_per_unit","area_basis","is_cessible","default_building_levels","ground_floor_commercial","ground_floor_product_id","uses_units_per_level","units_per_level","effective_construction_cost_cfa_sqm","effective_land_charge_cfa_sqm"
"rm_1a","Lotissement de maisons en bande PHARD","ECO",225000,"inherit",,"simplified",1.25,,182,0,"sdp",TRUE,1,FALSE,,FALSE,1,180000,0
"rm_1b","Lotissement de maisons en condominium PHARD","ECO",225000,"inherit",,"simplified",1.25,,167,0,"sdp",TRUE,1,FALSE,,FALSE,1,180000,0
"rm_2","Maison de ville en bande","STD",400000,"inherit",,"simplified",1.45,,266,0,"sdp",TRUE,2,FALSE,,FALSE,1,225000,50862.0689655173
"rc_1","Logement économique en condominium Fann Hock","STD",400000,"inherit",,"simplified",1.25,,43,0,"sdp",TRUE,2,FALSE,,TRUE,3,225000,95000
"rc_2_log","Logement en immeuble-barres mixte","MID",400000,"inherit",,"simplified",1.45,,85,0,"sdp",TRUE,4,TRUE,"rc_2_com",TRUE,7,250000,25862.0689655173
"rc_2_com","RDC commercial","STD",350000,"inherit",,"simplified",1.45,,0,0,"sdp",TRUE,1,FALSE,,FALSE,1,225000,16379.3103448276
"rc_3","Logements moyen standing en immeuble-plot","MID",400000,"inherit",,"simplified",1.45,,85,0,"sdp",TRUE,5,FALSE,,TRUE,4,250000,25862.0689655173
"rc_4","Logements haut standing en immeuble-plot","HIGH",500000,"inherit",,"simplified",1.45,,133,0,"sdp",TRUE,5,FALSE,,TRUE,4,320000,24827.5862068966
"rv_1","Villa moyen standing","MID",400000,"inherit",,"simplified",1.07,,133,0,"sdp",TRUE,1,FALSE,,FALSE,1,250000,123831.775700935
"rv_2","Villa haut standing","HIGH",500000,"inherit",,"simplified",1.45,,184,0,"sdp",TRUE,1,FALSE,,FALSE,1,320000,24827.5862068966
"rv_3","Villa très haut standing","VHIGH",625000,"inherit",,"simplified",1.45,,347,0,"sdp",TRUE,1,FALSE,,FALSE,1,350000,81034.4827586207
"rt_1_log","Immeuble mixte - résidentiel","HIGH",400000,"inherit",,"simplified",1.45,,115,0,"sdp",TRUE,4,TRUE,"rt_1_com",TRUE,10,320000,-44137.9310344827
"rt_1_com","RDC commercial/tertiaire","STD",350000,"inherit",,"simplified",1.45,,0,0,"sdp",TRUE,1,FALSE,,FALSE,1,225000,16379.3103448276
"ec","Immeubles bureaux/administration","STD",350000,"inherit",,"simplified",1.45,,1216.75,0,"sdp",TRUE,1,FALSE,,FALSE,1,225000,16379.3103448276
"ep","Équipements publics","STD",,"inherit",,"manual",,0,2535.66666666667,0,"sdp",FALSE,1,FALSE,,FALSE,1,225000,0
"el","Équipements de loisirs","STD",,"inherit",,"manual",,0,13798,0,"sdp",FALSE,1,FALSE,,FALSE,1,225000,0
"ev","Économie verte","STD",5000,"override",0,"manual",,5000,0,0,"land",TRUE,1,FALSE,,FALSE,1,0,5000
