"type","label","rate","amount_ht","vat_rate","vat","amount_ttc"
"main_header","DÉPENSES",,,,,
"section","1. FONCIER - LIBÉRATION DES SOLS",,,,,
"subsection","A. Études préopérationnelles",,,,,
"detail","A.1-Programmation",,0,0.2,0,0
"detail","A.2-Projet urbain",,15000000,0.2,3000000,18000000
"detail","A.3-Géomètre",,8500000,0.2,1700000,10200000
"detail","A.4-Études de sol - sondages",,12000000,0.2,2400000,14400000
"detail","A.5-Diagnostics divers",,0,0.2,0,0
"subsection","B. Acquisitions foncières",,,,,
"detail","B.1-Achats immobiliers",,0,0.2,0,0
"detail","B.2-Frais d’acte",,0,0.2,0,0
"detail","B.3-Indemnisation-relogement",,0,0.2,0,0
"detail","B.4-Négociations foncières",,0,0.2,0,0
"subsection","C. Travaux de mise en état",,,,,
"detail","C.1-Démolition",,0,0.2,0,0
"detail","C.2-Déplacement de réseaux",,0,0.2,0,0
"detail","C.3-Débroussaillage-terrassements généraux",,658510000,0.2,131702000,790212000
"detail","C.4-Dépollution",,0,0.2,0,0
"subtotal","SOUS-TOTAL 1",,694010000,,138802000,832812000
"section","2. TRAVAUX ET HONORAIRES",,,,,
"subsection","A. Voiries et réseaux primaires",,,,,
"detail","A.1-Assainissement",,3169850000,0.2,633970000,3803820000
"detail","A.2-Eau potable",,650000000,0.2,130000000,780000000
"detail","A.3-Électricité",,576600000,0.2,115320000,691920000
"detail","A.4-Éclairage public",,882000000,0.2,176400000,1058400000
"detail","A.5-Téléphone-Fibre",,108530000,0.2,21706000,130236000
"detail","A.6-Aménagement de voirie",,6155880000,0.2,1231176000,7387056000
"subsection","B. Espaces verts et plantations",,,,,
"detail","B.1-Parcs, squares et jardins publics",,0,0.2,0,0
"detail","B.2-Plantations voiries",,37500000,0.2,7500000,45000000
"detail","B.3-Agriculture",,0,0.2,0,0
"detail","B.4-Jardins familiaux",,0,0.2,0,0
"detail","B.5-Forêt urbaine",,126067500,0.2,25213500,151281000
"detail","C. Viabilisation secondaire-tertiaire des parcelles équipements",,0,0.2,0,0
"detail","D. Construction équipements publics",,,0.2,,
"detail","E. Honoraires de conception et de suivi (VRD)",,0,0.2,0,0
"subtotal","SOUS-TOTAL 2",,11706427500,,2341285500,14047713000
"section","3. FRAIS DIVERS",,,,,
"detail","A. Participations diverses",,0,0.2,0,0
"calculated","B. Frais sur ventes",0.03,414330789.700935,0.2,82866157.940187,497196947.641122
"detail","B.1-Géomètre",,0,0.2,0,0
"detail","B.2-Notaire",,0,0.2,0,0
"detail","B.3-Publicité-marketing-communication",,0,0.2,0,0
"detail","C. Frais de gestion",,0,0.2,0,0
"calculated","D. Frais financiers",0.05,789602636.867103,,,789602636.867103
"detail","E. Impôts et taxes",,0,0.2,0,0
"calculated","F. Rémunération SAFRU",0.03,345275658.084112,0.2,69055131.6168225,414330789.700935
"subtotal","SOUS-TOTAL 3",,1549209084.65215,,151921289.557009,1701130374.20916
"grand_total","TOTAL DÉPENSES",,13949646584.6521,,2632008789.55701,16581655374.2092
"main_header","RECETTES",,,,,
"section","1. CESSIONS",,,,,
"detail","Q1 - Quartier PHARD",,1146506137.93104,0.2,229301227.586207,1375807365.51724
"detail","Q2 - Quartier Sowou",,1481955517.24138,0.2,296391103.448276,1778346620.68966
"detail","Q3 - Quartier de la Forêt",,3114312931.03449,0.2,622862586.206897,3737175517.24138
"detail","Q4 - Quartier du Petit Corridor",,1222805309.70029,0.2,244561061.940058,1467366371.64035
"detail","Q5 - Quartier des Villas",,1336962758.62069,0.2,267392551.724138,1604355310.34483
"detail","Q6 - Quartier de l’Agora",,0,0.2,0,0
"detail","QA - Quartier de l’Attractivité",,3206645948.27586,0.2,641329189.655173,3847975137.93104
"subtotal","SOUS-TOTAL 1",,11509188602.8037,,2301837720.56075,13811026323.3645
"section","2. PARTICIPATIONS - SUBVENTIONS",,,,,
"detail","A. Participation collectivités",,0,0.2,0,0
"detail","B. Participation promoteurs",,0,0.2,0,0
"detail","C. Subventions",,0,0.2,0,0
"subtotal","SOUS-TOTAL 2",,0,,0,0
"section","3. PRODUITS DIVERS",,,,,
"detail","A. Produits financiers",,0,0.2,0,0
"detail","B. Produits de gestion",,0,0.2,0,0
"subtotal","SOUS-TOTAL 3",,0,,0,0
"grand_total","TOTAL RECETTES",,11509188602.8037,,2301837720.56075,13811026323.3645
"result","RÉSULTAT D’OPÉRATION",-0.212044312250986,-2440457981.8484,,,-2440457981.8484
