"program_line_id","district_id","product_id","quantity","manual_total_sdp","manual_total_land_area","sdp_per_unit","land_area_per_unit","area_basis","total_sdp","effective_sdp_per_unit","total_land_area","calculation_area","product_label","is_cessible","sale_price_cfa_sqm","effective_construction_cost_cfa_sqm","effective_land_charge_cfa_sqm","sales_revenue_ht","construction_cost_ht","land_revenue_ht"
"q1__rm_1a","q1","rm_1a",17,1496,,182,0,"sdp",1496,88,0,1496,"Lotissement de maisons en bande PHARD",TRUE,225000,180000,0,336600000,269280000,0
"q1__rm_1b","q1","rm_1b",36,3168,,167,0,"sdp",3168,88,0,3168,"Lotissement de maisons en condominium PHARD",TRUE,225000,180000,0,712800000,570240000,0
"q1__rm_2","q1","rm_2",30,6573,,266,0,"sdp",6573,219.1,0,6573,"Maison de ville en bande",TRUE,400000,225000,50862.0689655173,2629200000,1478925000,334316379.310345
"q1__rc_1","q1","rc_1",36,4665.6,,43,0,"sdp",4665.6,129.6,0,4665.6,"Logement économique en condominium Fann Hock",TRUE,400000,225000,95000,1866240000,1049760000,443232000
"q1__rc_3","q1","rc_3",80,8000,,85,0,"sdp",8000,100,0,8000,"Logements moyen standing en immeuble-plot",TRUE,400000,250000,25862.0689655173,3200000000,2000000000,206896551.724138
"q1__rc_4","q1","rc_4",20,3125,,133,0,"sdp",3125,156.25,0,3125,"Logements haut standing en immeuble-plot",TRUE,500000,320000,24827.5862068966,1562500000,1000000000,77586206.8965518
"q1__ec","q1","ec",0,0,,1216.75,0,"sdp",0,1216.75,0,0,"Immeubles bureaux/administration",TRUE,350000,225000,16379.3103448276,0,0,0
"q1__ep","q1","ep",3,8245.9,,2535.66666666667,0,"sdp",8245.9,2748.63333333333,0,8245.9,"Équipements publics",FALSE,,225000,0,0,1855327500,0
"q1__ev","q1","ev",3,,16895,0,0,"land",0,0,16895,16895,"Économie verte",TRUE,5000,0,5000,84475000,0,84475000
"q2__rm_2","q2","rm_2",74,11581,,266,0,"sdp",11581,156.5,0,11581,"Maison de ville en bande",TRUE,400000,225000,50862.0689655173,4632400000,2605725000,589033620.689656
"q2__rc_1","q2","rc_1",60,7776,,43,0,"sdp",7776,129.6,0,7776,"Logement économique en condominium Fann Hock",TRUE,400000,225000,95000,3110400000,1749600000,738720000
"q2__rc_2_log","q2","rc_2_log",0,0,,85,0,"sdp",0,85,0,0,"Logement en immeuble-barres mixte",TRUE,400000,250000,25862.0689655173,0,0,0
"q2__rc_3","q2","rc_3",100,10000,,85,0,"sdp",10000,100,0,10000,"Logements moyen standing en immeuble-plot",TRUE,400000,250000,25862.0689655173,4000000000,2500000000,258620689.655173
"q2__rc_4","q2","rc_4",0,0,,133,0,"sdp",0,133,0,0,"Logements haut standing en immeuble-plot",TRUE,500000,320000,24827.5862068966,0,0,0
"q2__rt_1_log","q2","rt_1_log",30,3375,,115,0,"sdp",3375,112.5,0,3375,"Immeuble mixte - résidentiel",TRUE,400000,320000,-44137.9310344827,1350000000,1080000000,-148965517.241379
"q2__rc_2_com","q2","rc_2_com",0,0,,0,0,"sdp",0,0,0,0,"RDC commercial",TRUE,350000,225000,16379.3103448276,0,0,0
"q2__rt_1_com","q2","rt_1_com",1,1125,,0,0,"sdp",1125,1125,0,1125,"RDC commercial/tertiaire",TRUE,350000,225000,16379.3103448276,393750000,253125000,18426724.137931
"q2__ec","q2","ec",0,0,,1216.75,0,"sdp",0,1216.75,0,0,"Immeubles bureaux/administration",TRUE,350000,225000,16379.3103448276,0,0,0
"q2__ep","q2","ep",2,3027.2,,2535.66666666667,0,"sdp",3027.2,1513.6,0,3027.2,"Équipements publics",FALSE,,225000,0,0,681120000,0
"q2__ev","q2","ev",1,,5224,0,0,"land",0,0,5224,5224,"Économie verte",TRUE,5000,0,5000,26120000,0,26120000
"q3__rc_2_log","q3","rc_2_log",63,5301,,85,0,"sdp",5301,84.1428571428571,0,5301,"Logement en immeuble-barres mixte",TRUE,400000,250000,25862.0689655173,2120400000,1325250000,137094827.586207
"q3__rc_3","q3","rc_3",300,30000,,85,0,"sdp",30000,100,0,30000,"Logements moyen standing en immeuble-plot",TRUE,400000,250000,25862.0689655173,12000000000,7500000000,775862068.965518
"q3__rc_4","q3","rc_4",560,87500,,133,0,"sdp",87500,156.25,0,87500,"Logements haut standing en immeuble-plot",TRUE,500000,320000,24827.5862068966,43750000000,28000000000,2172413793.10345
"q3__rt_1_log","q3","rt_1_log",0,0,,115,0,"sdp",0,115,0,0,"Immeuble mixte - résidentiel",TRUE,400000,320000,-44137.9310344827,0,0,0
"q3__rc_2_com","q3","rc_2_com",3,1767,,0,0,"sdp",1767,589,0,1767,"RDC commercial",TRUE,350000,225000,16379.3103448276,618450000,397575000,28942241.3793104
"q3__rt_1_com","q3","rt_1_com",0,0,,0,0,"sdp",0,0,0,0,"RDC commercial/tertiaire",TRUE,350000,225000,16379.3103448276,0,0,0
"q3__ep","q3","ep",5,8823.6,,2535.66666666667,0,"sdp",8823.6,1764.72,0,8823.6,"Équipements publics",FALSE,,225000,0,0,1985310000,0
"q4__rc_1","q4","rc_1",36,4665.6,,43,0,"sdp",4665.6,129.6,0,4665.6,"Logement économique en condominium Fann Hock",TRUE,400000,225000,95000,1866240000,1049760000,443232000
"q4__rv_1","q4","rv_1",65,5070,,133,0,"sdp",5070,78,0,5070,"Villa moyen standing",TRUE,400000,250000,123831.775700935,2028000000,1267500000,627827102.803738
"q4__rv_2","q4","rv_2",64,6112,,184,0,"sdp",6112,95.5,0,6112,"Villa haut standing",TRUE,500000,320000,24827.5862068966,3056000000,1955840000,151746206.896552
"q4__ep","q4","ep",0,0,,2535.66666666667,0,"sdp",0,2535.66666666667,0,0,"Équipements publics",FALSE,,225000,0,0,0,0
"q5__rv_3","q5","rv_3",70,16050.3,,347,0,"sdp",16050.3,229.29,0,16050.3,"Villa très haut standing",TRUE,625000,350000,81034.4827586207,10031437500,5617605000,1300627758.62069
"q5__ec","q5","ec",0,0,,1216.75,0,"sdp",0,1216.75,0,0,"Immeubles bureaux/administration",TRUE,350000,225000,16379.3103448276,0,0,0
"q5__ep","q5","ep",0,0,,2535.66666666667,0,"sdp",0,2535.66666666667,0,0,"Équipements publics",FALSE,,225000,0,0,0,0
"q5__ev","q5","ev",1,,7267,0,0,"land",0,0,7267,7267,"Économie verte",TRUE,5000,0,5000,36335000,0,36335000
"q6__ep","q6","ep",1,5372.8,,2535.66666666667,0,"sdp",5372.8,5372.8,0,5372.8,"Équipements publics",FALSE,,225000,0,0,1208880000,0
"q6__ec","q6","ec",0,0,,1216.75,0,"sdp",0,1216.75,0,0,"Immeubles bureaux/administration",TRUE,350000,225000,16379.3103448276,0,0,0
"qa__rm_2","qa","rm_2",33,11581,,266,0,"sdp",11581,350.939393939394,0,11581,"Maison de ville en bande",TRUE,400000,225000,50862.0689655173,4632400000,2605725000,589033620.689656
"qa__rt_1_log","qa","rt_1_log",0,0,,115,0,"sdp",0,115,0,0,"Immeuble mixte - résidentiel",TRUE,400000,320000,-44137.9310344827,0,0,0
"qa__rt_1_com","qa","rt_1_com",0,0,,0,0,"sdp",0,0,0,0,"RDC commercial/tertiaire",TRUE,350000,225000,16379.3103448276,0,0,0
"qa__ec","qa","ec",16,151134.1,,1216.75,0,"sdp",151134.1,9445.88125,0,151134.1,"Immeubles bureaux/administration",TRUE,350000,225000,16379.3103448276,52896935000,34005172500,2475472327.58621
"qa__el","qa","el",0,0,,13798,0,"sdp",0,13798,0,0,"Équipements de loisirs",FALSE,,225000,0,0,0,0
"qa__ep","qa","ep",1,600,,2535.66666666667,0,"sdp",600,600,0,600,"Équipements publics",FALSE,,225000,0,0,135000000,0
"qa__ev","qa","ev",1,,28428,0,0,"land",0,0,28428,28428,"Économie verte",TRUE,5000,0,5000,142140000,0,142140000
