"product_id","quantity","total_sdp","sales_revenue_ht","construction_cost_ht","land_revenue_ht"
"ec",16,151134.1,52896935000,34005172500,2475472327.58621
"el",0,0,0,0,0
"ep",12,26069.5,0,5865637500,0
"ev",6,0,289070000,0,289070000
"rc_1",132,17107.2,6842880000,3849120000,1625184000
"rc_2_com",3,1767,618450000,397575000,28942241.3793104
"rc_2_log",63,5301,2120400000,1325250000,137094827.586207
"rc_3",480,48000,19200000000,12000000000,1241379310.34483
"rc_4",580,90625,45312500000,29000000000,2250000000
"rm_1a",17,1496,336600000,269280000,0
"rm_1b",36,3168,712800000,570240000,0
"rm_2",137,29735,11894000000,6690375000,1512383620.68966
"rt_1_com",1,1125,393750000,253125000,18426724.137931
"rt_1_log",30,3375,1350000000,1080000000,-148965517.241379
"rv_1",65,5070,2028000000,1267500000,627827102.803738
"rv_2",64,6112,3056000000,1955840000,151746206.896552
"rv_3",70,16050.3,10031437500,5617605000,1300627758.62069
