"program_line_id","district_id","product_id","quantity","manual_total_sdp","manual_total_land_area"
"q1__rm_1a","q1","rm_1a",13,,
"q1__rm_1b","q1","rm_1b",40,,
"q1__rm_2","q1","rm_2",32,,
"q1__rc_1","q1","rc_1",84,,
"q1__rc_3","q1","rc_3",72,,
"q1__rc_4","q1","rc_4",36,,
"q1__ec","q1","ec",3,534.5,
"q1__ep","q1","ep",5,8243.5,
"q1__ev","q1","ev",3,,16895
"q2__rm_2","q2","rm_2",82,,
"q2__rc_1","q2","rc_1",140,,
"q2__rc_2_log","q2","rc_2_log",43,,
"q2__rc_3","q2","rc_3",72,,
"q2__rc_4","q2","rc_4",36,,
"q2__rt_1_log","q2","rt_1_log",15,,
"q2__rc_2_com","q2","rc_2_com",0,,
"q2__rt_1_com","q2","rt_1_com",0,,
"q2__ec","q2","ec",1,692,
"q2__ep","q2","ep",4,7836,
"q2__ev","q2","ev",1,,5224
"q3__rc_2_log","q3","rc_2_log",53,,
"q3__rc_3","q3","rc_3",252,,
"q3__rc_4","q3","rc_4",522,,
"q3__rt_1_log","q3","rt_1_log",24,,
"q3__rc_2_com","q3","rc_2_com",0,,
"q3__rt_1_com","q3","rt_1_com",0,,
"q3__ep","q3","ep",1,250,
"q4__rc_1","q4","rc_1",84,,
"q4__rv_1","q4","rv_1",64,,
"q4__rv_2","q4","rv_2",65,,
"q4__ep","q4","ep",3,6669,
"q5__rv_3","q5","rv_3",70,,
"q5__ec","q5","ec",2,900,
"q5__ep","q5","ep",2,1041,
"q5__ev","q5","ev",1,,7267
"q6__ep","q6","ep",3,20105,
"q6__ec","q6","ec",1,613,
"qa__rm_2","qa","rm_2",36,,
"qa__rt_1_log","qa","rt_1_log",260,,
"qa__rt_1_com","qa","rt_1_com",0,,
"qa__ec","qa","ec",11,19162,
"qa__el","qa","el",1,13798,
"qa__ep","qa","ep",3,9104.5,
"qa__ev","qa","ev",1,,28428
