"metric_id","value"
"subtotal_1_ht",694010000
"subtotal_1_vat",138802000
"subtotal_2_ht",11706427500
"subtotal_2_vat",2341285500
"sales_fee_ht",414330789.700935
"financing_cost_ht",789602636.867103
"safru_fee_ht",345275658.084112
"subtotal_3_ht",1549209084.65215
"subtotal_3_vat",151921289.557009
"total_expenses_ht",13949646584.6521
"total_expenses_vat",2632008789.55701
"total_revenue_ht",11509188602.8037
"result_ht",-2440457981.8484
"total_expenses_ttc",16581655374.2092
"total_revenue_ttc",13811026323.3645
"result_ttc",-2770629050.84466
